endpoint,population,category_age,duration,category_duration,men_ratio,category_men_ratio,type_exercise,Mean_HIIE,Mean_MICT
BMI,T2D,> 50 y,8,5 - 10 weeks,0.58,> 0.5,Cycling,-2.2,-2.4
HbA1c,T2D,> 50 y,8,5 - 10 weeks,0.58,> 0.5,Cycling,-0.4,-0.4
HDL,T2D,> 50 y,8,5 - 10 weeks,0.58,> 0.5,Cycling,2.1,2.3
HOMA-IR,T2D,> 50 y,8,5 - 10 weeks,0.58,> 0.5,Cycling,-0.8,-0.8
LDL,T2D,> 50 y,8,5 - 10 weeks,0.58,> 0.5,Cycling,-5.9,-7.1
Total Cholesterol,T2D,> 50 y,8,5 - 10 weeks,0.58,> 0.5,Cycling,-14.9,-12.8
Triglycerides,T2D,> 50 y,8,5 - 10 weeks,0.58,> 0.5,Cycling,-20.6,-19.1
Body Mass,Overweight/obese,30 - 50 y,6,5 - 10 weeks,0.41,< 0.5,Running,-0.9,-0.2
Flow-mediated Dilation,Overweight/obese,30 - 50 y,6,5 - 10 weeks,0.41,< 0.5,Running,0.7,2.7
VO2max,Overweight/obese,30 - 50 y,6,5 - 10 weeks,0.41,< 0.5,Running,2.8,0.4
Body Fat,Overweight/obese,> 50 y,12,> 10 weeks,0.7,> 0.5,Running,0.1,0.2
Body Mass,Overweight/obese,> 50 y,12,> 10 weeks,0.7,> 0.5,Running,0.1,-1.3
Diastolic Blood Pressure,Overweight/obese,> 50 y,12,> 10 weeks,0.7,> 0.5,Running,4.3,-11
Systolic Blood Pressure,Overweight/obese,> 50 y,12,> 10 weeks,0.7,> 0.5,Running,1.3,-9.8
VO2max,Overweight/obese,> 50 y,12,> 10 weeks,0.7,> 0.5,Running,0.1,1.6
Body Fat,Healthy,< 30 y,6,5 - 10 weeks,0.5,< 0.5,Cycling,1,0
Body Mass,Healthy,< 30 y,6,5 - 10 weeks,0.5,< 0.5,Cycling,-1,0
VO2max,Healthy,< 30 y,6,5 - 10 weeks,0.5,< 0.5,Cycling,3,4
Diastolic Blood Pressure,Healthy,< 30 y,16,> 10 weeks,0,< 0.5,Running,-1.2,-1
Fasting Glucose,Healthy,< 30 y,16,> 10 weeks,0,< 0.5,Running,0.5,1
Fasting Insulin,Healthy,< 30 y,16,> 10 weeks,0,< 0.5,Running,-2.8,-2.5
HDL,Healthy,< 30 y,16,> 10 weeks,0,< 0.5,Running,2.3,3.6
HOMA-IR,Healthy,< 30 y,16,> 10 weeks,0,< 0.5,Running,-0.47,-0.51
LDL,Healthy,< 30 y,16,> 10 weeks,0,< 0.5,Running,-12.3,-6
Systolic Blood Pressure,Healthy,< 30 y,16,> 10 weeks,0,< 0.5,Running,-0.8,-1.9
Total Cholesterol,Healthy,< 30 y,16,> 10 weeks,0,< 0.5,Running,-9,-2.8
Triglycerides,Healthy,< 30 y,16,> 10 weeks,0,< 0.5,Running,-0.7,2
VO2max,Healthy,< 30 y,16,> 10 weeks,0,< 0.5,Running,4.6,2.4
BMI,Healthy,< 30 y,6,5 - 10 weeks,1,> 0.5,Cycling,0,0
Body Mass,Healthy,< 30 y,6,5 - 10 weeks,1,> 0.5,Cycling,0,0
Diastolic Blood Pressure,Healthy,< 30 y,6,5 - 10 weeks,1,> 0.5,Cycling,-3,-4
Systolic Blood Pressure,Healthy,< 30 y,6,5 - 10 weeks,1,> 0.5,Cycling,-2,-1
VO2max,Healthy,< 30 y,6,5 - 10 weeks,1,> 0.5,Cycling,3.2,6.5
BMI,Cardiac Rehabilitation,> 50 y,12,> 10 weeks,0.9,> 0.5,Cycling,0.1,-0.3
Body Mass,Cardiac Rehabilitation,> 50 y,12,> 10 weeks,0.9,> 0.5,Cycling,0.5,-0.5
C-reactive Protein,Cardiac Rehabilitation,> 50 y,12,> 10 weeks,0.9,> 0.5,Cycling,-0.106181,-0.198741
Diastolic Blood Pressure,Cardiac Rehabilitation,> 50 y,12,> 10 weeks,0.9,> 0.5,Cycling,-1.1,-3.7
Fasting Glucose,Cardiac Rehabilitation,> 50 y,12,> 10 weeks,0.9,> 0.5,Cycling,0.19,0.18
Flow-mediated Dilation,Cardiac Rehabilitation,> 50 y,12,> 10 weeks,0.9,> 0.5,Cycling,1.21,1.07
HDL,Cardiac Rehabilitation,> 50 y,12,> 10 weeks,0.9,> 0.5,Cycling,0.08,0.09
LDL,Cardiac Rehabilitation,> 50 y,12,> 10 weeks,0.9,> 0.5,Cycling,0.09,0.07
Systolic Blood Pressure,Cardiac Rehabilitation,> 50 y,12,> 10 weeks,0.9,> 0.5,Cycling,0,-6
Total Cholesterol,Cardiac Rehabilitation,> 50 y,12,> 10 weeks,0.9,> 0.5,Cycling,0.17,0.16
Triglycerides,Cardiac Rehabilitation,> 50 y,12,> 10 weeks,0.9,> 0.5,Cycling,-0.02,-0.03
VO2max,Cardiac Rehabilitation,> 50 y,12,> 10 weeks,0.9,> 0.5,Cycling,5.1,4.4
BMI,Cardiac Rehabilitation,> 50 y,12,> 10 weeks,0.95,> 0.5,Cycling,-0.4,-0.3
Body Mass,Cardiac Rehabilitation,> 50 y,12,> 10 weeks,0.95,> 0.5,Cycling,-1.2,-1.4
Diastolic Blood Pressure,Cardiac Rehabilitation,> 50 y,12,> 10 weeks,0.95,> 0.5,Cycling,2,-4
HDL,Cardiac Rehabilitation,> 50 y,12,> 10 weeks,0.95,> 0.5,Cycling,0.11,-0.06
LDL,Cardiac Rehabilitation,> 50 y,12,> 10 weeks,0.95,> 0.5,Cycling,-0.01,-0.35
Systolic Blood Pressure,Cardiac Rehabilitation,> 50 y,12,> 10 weeks,0.95,> 0.5,Cycling,-3,-6
Total Cholesterol,Cardiac Rehabilitation,> 50 y,12,> 10 weeks,0.95,> 0.5,Cycling,0.12,-0.37
Triglycerides,Cardiac Rehabilitation,> 50 y,12,> 10 weeks,0.95,> 0.5,Cycling,0.03,0.1
VO2max,Cardiac Rehabilitation,> 50 y,12,> 10 weeks,0.95,> 0.5,Cycling,5.3,3.4
Body Fat,Overweight/obese,30 - 50 y,6,5 - 10 weeks,1,> 0.5,Running,-0.83,-0.17
Body Mass,Overweight/obese,30 - 50 y,6,5 - 10 weeks,1,> 0.5,Running,-2.29,-1.32
VO2max,Overweight/obese,30 - 50 y,6,5 - 10 weeks,1,> 0.5,Running,2.94,3.1
BMI,Healthy,> 50 y,12,> 10 weeks,1,> 0.5,Cycling,-0.5,-0.4
Body Fat,Healthy,> 50 y,12,> 10 weeks,1,> 0.5,Cycling,-0.5,-0.3
Body Mass,Healthy,> 50 y,12,> 10 weeks,1,> 0.5,Cycling,-1.3,-0.9
Diastolic Blood Pressure,Healthy,> 50 y,12,> 10 weeks,1,> 0.5,Cycling,-5,-5
Fasting Glucose,Healthy,> 50 y,12,> 10 weeks,1,> 0.5,Cycling,-0.6,0.7
HbA1c,Healthy,> 50 y,12,> 10 weeks,1,> 0.5,Cycling,-0.11,-0.12
HDL,Healthy,> 50 y,12,> 10 weeks,1,> 0.5,Cycling,-2.9,-3.6
LDL,Healthy,> 50 y,12,> 10 weeks,1,> 0.5,Cycling,-9.6,-4.9
Systolic Blood Pressure,Healthy,> 50 y,12,> 10 weeks,1,> 0.5,Cycling,-10,-10.5
Total Cholesterol,Healthy,> 50 y,12,> 10 weeks,1,> 0.5,Cycling,-2.8,-11.1
Triglycerides,Healthy,> 50 y,12,> 10 weeks,1,> 0.5,Cycling,30.6,-71.1
BMI,Overweight/obese,< 30 y,6,5 - 10 weeks,1,> 0.5,Cycling,-0.26,-0.35
Body Fat,Overweight/obese,< 30 y,6,5 - 10 weeks,1,> 0.5,Cycling,-0.88,-1.28
Body Mass,Overweight/obese,< 30 y,6,5 - 10 weeks,1,> 0.5,Cycling,-0.82,-1.09
Diastolic Blood Pressure,Overweight/obese,< 30 y,6,5 - 10 weeks,1,> 0.5,Cycling,1.6,-4.6
HDL,Overweight/obese,< 30 y,6,5 - 10 weeks,1,> 0.5,Cycling,-1.4,-2
HOMA-IR,Overweight/obese,< 30 y,6,5 - 10 weeks,1,> 0.5,Cycling,0.16,-0.27
LDL,Overweight/obese,< 30 y,6,5 - 10 weeks,1,> 0.5,Cycling,-4.78,-7.8
Systolic Blood Pressure,Overweight/obese,< 30 y,6,5 - 10 weeks,1,> 0.5,Cycling,-0.3,-4.6
Total Cholesterol,Overweight/obese,< 30 y,6,5 - 10 weeks,1,> 0.5,Cycling,-9.2,-12.9
Triglycerides,Overweight/obese,< 30 y,6,5 - 10 weeks,1,> 0.5,Cycling,-15.3,-15.7
VO2max,Overweight/obese,< 30 y,6,5 - 10 weeks,1,> 0.5,Cycling,0.84,3.4
BMI,Healthy,< 30 y,12,> 10 weeks,1,> 0.5,Cycling,-1,0
Body Fat,Healthy,< 30 y,12,> 10 weeks,1,> 0.5,Cycling,-2,-2
Body Mass,Healthy,< 30 y,12,> 10 weeks,1,> 0.5,Cycling,-1,-2
Fasting Glucose,Healthy,< 30 y,12,> 10 weeks,1,> 0.5,Cycling,0.4,0.4
Fasting Insulin,Healthy,< 30 y,12,> 10 weeks,1,> 0.5,Cycling,-1.7,-1.7
HOMA-IR,Healthy,< 30 y,12,> 10 weeks,1,> 0.5,Cycling,-0.2,-0.1
VO2max,Healthy,< 30 y,12,> 10 weeks,1,> 0.5,Cycling,5.19,6.88
Body Mass,Healthy,< 30 y,8,5 - 10 weeks,0.25,< 0.5,Cycling,-2.7,0.3
VO2max,Healthy,< 30 y,8,5 - 10 weeks,0.25,< 0.5,Cycling,5.9,2.7
Body Mass,Healthy,< 30 y,4,< 5 weeks,0.5,< 0.5,Cycling,-0.2,-0.7
Body Mass,Healthy,< 30 y,4,< 5 weeks,0.5,< 0.5,Cycling,0.3,-0.7
BMI,Healthy,< 30 y,4,< 5 weeks,0.5,< 0.5,Cycling,0.1,-0.1
Body Fat,Healthy,< 30 y,4,< 5 weeks,0.5,< 0.5,Cycling,1.6,-0.7
Body Mass,Healthy,< 30 y,4,< 5 weeks,0.5,< 0.5,Cycling,0.5,-0.5
Fasting Glucose,Healthy,< 30 y,4,< 5 weeks,0.5,< 0.5,Cycling,-0.2,0
Fasting Insulin,Healthy,< 30 y,4,< 5 weeks,0.5,< 0.5,Cycling,5.2,19.1
HDL,Healthy,< 30 y,4,< 5 weeks,0.5,< 0.5,Cycling,-0.1,0
HOMA-IR,Healthy,< 30 y,4,< 5 weeks,0.5,< 0.5,Cycling,0.13,0.53
Total Cholesterol,Healthy,< 30 y,4,< 5 weeks,0.5,< 0.5,Cycling,-0.3,0.1
VO2max,Healthy,< 30 y,4,< 5 weeks,0.5,< 0.5,Cycling,5.7,2.2
Body Mass,Healthy,< 30 y,8,5 - 10 weeks,1,> 0.5,Running,-1.5,-2.3
Body Mass,Healthy,< 30 y,8,5 - 10 weeks,1,> 0.5,Running,-0.8,-2.3
HDL,Healthy,< 30 y,8,5 - 10 weeks,1,> 0.5,Running,-0.06,0.05
LDL,Healthy,< 30 y,8,5 - 10 weeks,1,> 0.5,Running,0,-0.09
Total Cholesterol,Healthy,< 30 y,8,5 - 10 weeks,1,> 0.5,Running,0.15,0.132
Triglycerides,Healthy,< 30 y,8,5 - 10 weeks,1,> 0.5,Running,-0.1,-0.14
VO2max,Healthy,< 30 y,8,5 - 10 weeks,1,> 0.5,Running,4.9,1
VO2max,Healthy,< 30 y,8,5 - 10 weeks,1,> 0.5,Running,3.9,1
VO2max,Healthy,< 30 y,7.5,5 - 10 weeks,1,> 0.5,Cycling,1.73,5.38
BMI,Healthy,30 - 50 y,2,< 5 weeks,1,> 0.5,Cycling,-0.2,0
Body Fat,Healthy,30 - 50 y,2,< 5 weeks,1,> 0.5,Cycling,-1,-0.8
Body Mass,Healthy,30 - 50 y,2,< 5 weeks,1,> 0.5,Cycling,-0.5,0
Diastolic Blood Pressure,Healthy,30 - 50 y,2,< 5 weeks,1,> 0.5,Cycling,0,1
Fasting Glucose,Healthy,30 - 50 y,2,< 5 weeks,1,> 0.5,Cycling,0.4,0.2
Fasting Insulin,Healthy,30 - 50 y,2,< 5 weeks,1,> 0.5,Cycling,1,1.3
HbA1c,Healthy,30 - 50 y,2,< 5 weeks,1,> 0.5,Cycling,-1.3,-3.2
HDL,Healthy,30 - 50 y,2,< 5 weeks,1,> 0.5,Cycling,-0.2,-0.1
LDL,Healthy,30 - 50 y,2,< 5 weeks,1,> 0.5,Cycling,-0.6,-0.2
Systolic Blood Pressure,Healthy,30 - 50 y,2,< 5 weeks,1,> 0.5,Cycling,1,3
Total Cholesterol,Healthy,30 - 50 y,2,< 5 weeks,1,> 0.5,Cycling,-0.7,-0.3
Triglycerides,Healthy,30 - 50 y,2,< 5 weeks,1,> 0.5,Cycling,-0.1,-0.2
VO2max,Healthy,30 - 50 y,2,< 5 weeks,1,> 0.5,Cycling,2,1
BMI,T2D,30 - 50 y,2,< 5 weeks,1,> 0.5,Cycling,-0.1,0
Body Fat,T2D,30 - 50 y,2,< 5 weeks,1,> 0.5,Cycling,-1.1,-0.5
Body Mass,T2D,30 - 50 y,2,< 5 weeks,1,> 0.5,Cycling,-0.2,-0.1
Diastolic Blood Pressure,T2D,30 - 50 y,2,< 5 weeks,1,> 0.5,Cycling,-6,-5
Fasting Glucose,T2D,30 - 50 y,2,< 5 weeks,1,> 0.5,Cycling,-0.3,0.2
Fasting Insulin,T2D,30 - 50 y,2,< 5 weeks,1,> 0.5,Cycling,-0.9,-1
HbA1c,T2D,30 - 50 y,2,< 5 weeks,1,> 0.5,Cycling,-2.2,-1.7
HDL,T2D,30 - 50 y,2,< 5 weeks,1,> 0.5,Cycling,-0.2,-0.1
LDL,T2D,30 - 50 y,2,< 5 weeks,1,> 0.5,Cycling,-0.2,-0.2
Systolic Blood Pressure,T2D,30 - 50 y,2,< 5 weeks,1,> 0.5,Cycling,-2,-9
Total Cholesterol,T2D,30 - 50 y,2,< 5 weeks,1,> 0.5,Cycling,-0.5,-0.2
Triglycerides,T2D,30 - 50 y,2,< 5 weeks,1,> 0.5,Cycling,-0.2,-0.2
VO2max,T2D,30 - 50 y,2,< 5 weeks,1,> 0.5,Cycling,1.9,-0.9
C-reactive Protein,Healthy,< 30 y,2,< 5 weeks,0.5,< 0.5,Cycling,-0.03183,-0.16
HOMA-IR,Healthy,< 30 y,2,< 5 weeks,0.5,< 0.5,Cycling,-0.53,0.01
BMI,Metabolic Syndrome,> 50 y,8,5 - 10 weeks,0.53,> 0.5,Running,-0.3,-0.5
Body Mass,Metabolic Syndrome,> 50 y,8,5 - 10 weeks,0.53,> 0.5,Running,-0.8,-1.1
Diastolic Blood Pressure,Metabolic Syndrome,> 50 y,8,5 - 10 weeks,0.53,> 0.5,Running,-7.1,-7.8
Fasting Glucose,Metabolic Syndrome,> 50 y,8,5 - 10 weeks,0.53,> 0.5,Running,-0.7,-0.8
Flow-mediated Dilation,Metabolic Syndrome,> 50 y,8,5 - 10 weeks,0.53,> 0.5,Running,6.1,2.9
HDL,Metabolic Syndrome,> 50 y,8,5 - 10 weeks,0.53,> 0.5,Running,1.4,3.1
LDL,Metabolic Syndrome,> 50 y,8,5 - 10 weeks,0.53,> 0.5,Running,-5.9,-3.2
Systolic Blood Pressure,Metabolic Syndrome,> 50 y,8,5 - 10 weeks,0.53,> 0.5,Running,-9.4,-10.6
Total Cholesterol,Metabolic Syndrome,> 50 y,8,5 - 10 weeks,0.53,> 0.5,Running,-25,-7
Triglycerides,Metabolic Syndrome,> 50 y,8,5 - 10 weeks,0.53,> 0.5,Running,-30.6,-15.4
Body Fat,Overweight/obese,30 - 50 y,12,> 10 weeks,0.22727273,< 0.5,Cycling,-0.5,-1
Body Mass,Overweight/obese,30 - 50 y,12,> 10 weeks,0.22727273,< 0.5,Cycling,0.2,-0.8
C-reactive Protein,Overweight/obese,30 - 50 y,12,> 10 weeks,0.22727273,< 0.5,Cycling,0.2,-1.1
Diastolic Blood Pressure,Overweight/obese,30 - 50 y,12,> 10 weeks,0.22727273,< 0.5,Cycling,-2.9,-3.5
Fasting Glucose,Overweight/obese,30 - 50 y,12,> 10 weeks,0.22727273,< 0.5,Cycling,-0.1,0.1
Fasting Insulin,Overweight/obese,30 - 50 y,12,> 10 weeks,0.22727273,< 0.5,Cycling,-0.6,-0.7
HDL,Overweight/obese,30 - 50 y,12,> 10 weeks,0.22727273,< 0.5,Cycling,0,0
LDL,Overweight/obese,30 - 50 y,12,> 10 weeks,0.22727273,< 0.5,Cycling,0,0.3
Systolic Blood Pressure,Overweight/obese,30 - 50 y,12,> 10 weeks,0.22727273,< 0.5,Cycling,-5.6,-4.3
Total Cholesterol,Overweight/obese,30 - 50 y,12,> 10 weeks,0.22727273,< 0.5,Cycling,0,0.2
Triglycerides,Overweight/obese,30 - 50 y,12,> 10 weeks,0.22727273,< 0.5,Cycling,0,-0.1
VO2max,Overweight/obese,30 - 50 y,12,> 10 weeks,0.22727273,< 0.5,Cycling,5.1,4.3
Diastolic Blood Pressure,Cardiac Rehabilitation,> 50 y,10,5 - 10 weeks,0.82820513,> 0.5,Running,-7,0
Systolic Blood Pressure,Cardiac Rehabilitation,> 50 y,10,5 - 10 weeks,0.82820513,> 0.5,Running,-9,2
VO2max,Cardiac Rehabilitation,> 50 y,10,5 - 10 weeks,0.82820513,> 0.5,Running,3.6,1.7
C-reactive Protein,Cardiac Rehabilitation,> 50 y,6,5 - 10 weeks,0.78571429,> 0.5,Running,-1.14,-1.72
HDL,Cardiac Rehabilitation,> 50 y,6,5 - 10 weeks,0.78571429,> 0.5,Running,0,-0.07
LDL,Cardiac Rehabilitation,> 50 y,6,5 - 10 weeks,0.78571429,> 0.5,Running,-46.57,-30.64
Total Cholesterol,Cardiac Rehabilitation,> 50 y,6,5 - 10 weeks,0.78571429,> 0.5,Running,-45.67,-26.752
Triglycerides,Cardiac Rehabilitation,> 50 y,6,5 - 10 weeks,0.78571429,> 0.5,Running,4.5,19.79
VO2max,Cardiac Rehabilitation,> 50 y,6,5 - 10 weeks,0.78571429,> 0.5,Running,6.46,2.47
Body Mass,Healthy,> 50 y,2,< 5 weeks,0,< 0.5,Cycling,-0.3,0
Diastolic Blood Pressure,Healthy,> 50 y,2,< 5 weeks,0,< 0.5,Cycling,-2,-3
Flow-mediated Dilation,Healthy,> 50 y,2,< 5 weeks,0,< 0.5,Cycling,-1.6,-1.9
Systolic Blood Pressure,Healthy,> 50 y,2,< 5 weeks,0,< 0.5,Cycling,-7,-2
VO2max,Healthy,> 50 y,2,< 5 weeks,0,< 0.5,Cycling,2.2,1.7
Fasting Glucose,Healthy,< 30 y,5,< 5 weeks,1,> 0.5,Running,2.43,-0.98
BMI,Overweight/obese,30 - 50 y,12,> 10 weeks,0.44444444,< 0.5,Running,0,-0.1
BMI,Overweight/obese,30 - 50 y,12,> 10 weeks,0.44444444,< 0.5,Running,-0.1,-0.1
Body Fat,Overweight/obese,30 - 50 y,12,> 10 weeks,0.44444444,< 0.5,Running,-0.5,-0.5
Body Fat,Overweight/obese,30 - 50 y,12,> 10 weeks,0.44444444,< 0.5,Running,-1.1,-0.5
Diastolic Blood Pressure,Overweight/obese,30 - 50 y,12,> 10 weeks,0.44444444,< 0.5,Running,-3.4,-1.9
Diastolic Blood Pressure,Overweight/obese,30 - 50 y,12,> 10 weeks,0.44444444,< 0.5,Running,-5.4,-1.9
HDL,Overweight/obese,30 - 50 y,12,> 10 weeks,0.44444444,< 0.5,Running,-1,-2
HDL,Overweight/obese,30 - 50 y,12,> 10 weeks,0.44444444,< 0.5,Running,-2,-2
HOMA-IR,Overweight/obese,30 - 50 y,12,> 10 weeks,0.44444444,< 0.5,Running,0.01646841,-0.1339599
HOMA-IR,Overweight/obese,30 - 50 y,12,> 10 weeks,0.44444444,< 0.5,Running,-0.0215641,-0.1339599
Systolic Blood Pressure,Overweight/obese,30 - 50 y,12,> 10 weeks,0.44444444,< 0.5,Running,-2.9,-5.2
Systolic Blood Pressure,Overweight/obese,30 - 50 y,12,> 10 weeks,0.44444444,< 0.5,Running,-6.5,-5.2
Total Cholesterol,Overweight/obese,30 - 50 y,12,> 10 weeks,0.44444444,< 0.5,Running,-1,-16
Total Cholesterol,Overweight/obese,30 - 50 y,12,> 10 weeks,0.44444444,< 0.5,Running,-7,-16
Triglycerides,Overweight/obese,30 - 50 y,12,> 10 weeks,0.44444444,< 0.5,Running,-1,-6
Triglycerides,Overweight/obese,30 - 50 y,12,> 10 weeks,0.44444444,< 0.5,Running,8,-6
VO2max,Overweight/obese,30 - 50 y,12,> 10 weeks,0.44444444,< 0.5,Running,1.4,-1.3
VO2max,Overweight/obese,30 - 50 y,12,> 10 weeks,0.44444444,< 0.5,Running,0.2,-1.3
Body Fat,Healthy,< 30 y,6,5 - 10 weeks,0.6,> 0.5,Cycling,-1.8,-1.1
Body Mass,Healthy,< 30 y,6,5 - 10 weeks,0.6,> 0.5,Cycling,-1.1,-0.3
VO2max,Healthy,< 30 y,6,5 - 10 weeks,0.6,> 0.5,Cycling,5.4,5.5
BMI,Cardiac Rehabilitation,> 50 y,12,> 10 weeks,0.82380952,> 0.5,Running,0.1,0
C-reactive Protein,Cardiac Rehabilitation,> 50 y,12,> 10 weeks,0.82380952,> 0.5,Running,-1.25,-0.13
Fasting Glucose,Cardiac Rehabilitation,> 50 y,12,> 10 weeks,0.82380952,> 0.5,Running,-0.15,0.05
Flow-mediated Dilation,Cardiac Rehabilitation,> 50 y,12,> 10 weeks,0.82380952,> 0.5,Running,3.35,5.1
HbA1c,Cardiac Rehabilitation,> 50 y,12,> 10 weeks,0.82380952,> 0.5,Running,0,-0.1
HDL,Cardiac Rehabilitation,> 50 y,12,> 10 weeks,0.82380952,> 0.5,Running,0.05,0.1
LDL,Cardiac Rehabilitation,> 50 y,12,> 10 weeks,0.82380952,> 0.5,Running,-0.15,-0.1
Total Cholesterol,Cardiac Rehabilitation,> 50 y,12,> 10 weeks,0.82380952,> 0.5,Running,0,0.05
Triglycerides,Cardiac Rehabilitation,> 50 y,12,> 10 weeks,0.82380952,> 0.5,Running,-0.05,0.15
VO2max,Cardiac Rehabilitation,> 50 y,12,> 10 weeks,0.82380952,> 0.5,Running,3.55,1.65
BMI,T2D,> 50 y,16,> 10 weeks,0,< 0.5,Cycling,-0.2,0.2
Body Fat,T2D,> 50 y,16,> 10 weeks,0,< 0.5,Cycling,-1,-1.2
Body Mass,T2D,> 50 y,16,> 10 weeks,0,< 0.5,Cycling,-0.1,0.6
Fasting Glucose,T2D,> 50 y,16,> 10 weeks,0,< 0.5,Cycling,0.3,0.4
HbA1c,T2D,> 50 y,16,> 10 weeks,0,< 0.5,Cycling,-0.1,-0.2
HDL,T2D,> 50 y,16,> 10 weeks,0,< 0.5,Cycling,0.1,0.1
LDL,T2D,> 50 y,16,> 10 weeks,0,< 0.5,Cycling,0.1,-0.2
Total Cholesterol,T2D,> 50 y,16,> 10 weeks,0,< 0.5,Cycling,-0.1,-0.2
Triglycerides,T2D,> 50 y,16,> 10 weeks,0,< 0.5,Cycling,0,-0.1
Body Mass,Overweight/obese,30 - 50 y,12,> 10 weeks,0.5,< 0.5,Cycling,-1.3,-0.8
VO2max,Overweight/obese,30 - 50 y,12,> 10 weeks,0.5,< 0.5,Cycling,2.8,2.9
BMI,Healthy,< 30 y,8,5 - 10 weeks,1,> 0.5,Cycling,0.1,-0.3
Body Fat,Healthy,< 30 y,8,5 - 10 weeks,1,> 0.5,Cycling,-0.2,-1.1
Body Mass,Healthy,< 30 y,8,5 - 10 weeks,1,> 0.5,Cycling,0.2,-0.9
Diastolic Blood Pressure,Healthy,< 30 y,8,5 - 10 weeks,1,> 0.5,Cycling,-6,-3
Systolic Blood Pressure,Healthy,< 30 y,8,5 - 10 weeks,1,> 0.5,Cycling,-3,-2
VO2max,Healthy,< 30 y,8,5 - 10 weeks,1,> 0.5,Cycling,8.6,5.4
Body Fat,Metabolic Syndrome,30 - 50 y,8,5 - 10 weeks,1,> 0.5,Cycling,-0.6,-0.4
Body Mass,Metabolic Syndrome,30 - 50 y,8,5 - 10 weeks,1,> 0.5,Cycling,-0.9,-0.9
Diastolic Blood Pressure,Metabolic Syndrome,30 - 50 y,8,5 - 10 weeks,1,> 0.5,Cycling,-2,1
Fasting Glucose,Metabolic Syndrome,30 - 50 y,8,5 - 10 weeks,1,> 0.5,Cycling,-3,-8
Fasting Insulin,Metabolic Syndrome,30 - 50 y,8,5 - 10 weeks,1,> 0.5,Cycling,-2.6,-2.5
HbA1c,Metabolic Syndrome,30 - 50 y,8,5 - 10 weeks,1,> 0.5,Cycling,-1,-2
HDL,Metabolic Syndrome,30 - 50 y,8,5 - 10 weeks,1,> 0.5,Cycling,3,3
HOMA-IR,Metabolic Syndrome,30 - 50 y,8,5 - 10 weeks,1,> 0.5,Cycling,-1,-1.2
LDL,Metabolic Syndrome,30 - 50 y,8,5 - 10 weeks,1,> 0.5,Cycling,5,0
Systolic Blood Pressure,Metabolic Syndrome,30 - 50 y,8,5 - 10 weeks,1,> 0.5,Cycling,1,2
Total Cholesterol,Metabolic Syndrome,30 - 50 y,8,5 - 10 weeks,1,> 0.5,Cycling,2,4
Triglycerides,Metabolic Syndrome,30 - 50 y,8,5 - 10 weeks,1,> 0.5,Cycling,-28,-2
VO2max,Metabolic Syndrome,30 - 50 y,8,5 - 10 weeks,1,> 0.5,Cycling,7,4.4
BMI,T2D,> 50 y,10,5 - 10 weeks,0.35714286,< 0.5,Running,-1.1,-0.2
Body Fat,T2D,> 50 y,10,5 - 10 weeks,0.35714286,< 0.5,Running,-2.2,-2.6
Body Mass,T2D,> 50 y,10,5 - 10 weeks,0.35714286,< 0.5,Running,-2.1,-0.5
Diastolic Blood Pressure,T2D,> 50 y,10,5 - 10 weeks,0.35714286,< 0.5,Running,2,0
Fasting Glucose,T2D,> 50 y,10,5 - 10 weeks,0.35714286,< 0.5,Running,-1.05,-0.99
Flow-mediated Dilation,T2D,> 50 y,10,5 - 10 weeks,0.35714286,< 0.5,Running,2,1.3
HDL,T2D,> 50 y,10,5 - 10 weeks,0.35714286,< 0.5,Running,0.31,0.08
HOMA-IR,T2D,> 50 y,10,5 - 10 weeks,0.35714286,< 0.5,Running,-0.6,-0.5
LDL,T2D,> 50 y,10,5 - 10 weeks,0.35714286,< 0.5,Running,-0.73,-0.57
Systolic Blood Pressure,T2D,> 50 y,10,5 - 10 weeks,0.35714286,< 0.5,Running,-12,-5
Total Cholesterol,T2D,> 50 y,10,5 - 10 weeks,0.35714286,< 0.5,Running,-0.49,-0.1
Triglycerides,T2D,> 50 y,10,5 - 10 weeks,0.35714286,< 0.5,Running,-0.2,-0.06
VO2max,T2D,> 50 y,10,5 - 10 weeks,0.35714286,< 0.5,Running,6.1,3.3
Diastolic Blood Pressure,Overweight/obese,> 50 y,12,> 10 weeks,0.5462963,> 0.5,Running,-8.5,-4
Flow-mediated Dilation,Overweight/obese,> 50 y,12,> 10 weeks,0.5462963,> 0.5,Running,4.17,0.61
Systolic Blood Pressure,Overweight/obese,> 50 y,12,> 10 weeks,0.5462963,> 0.5,Running,-13,-5
VO2max,Overweight/obese,> 50 y,12,> 10 weeks,0.5462963,> 0.5,Running,5.2,1.8
BMI,Overweight/obese,30 - 50 y,12,> 10 weeks,0.36,< 0.5,Cycling,-0.4,-0.4
Body Fat,Overweight/obese,30 - 50 y,12,> 10 weeks,0.36,< 0.5,Cycling,-0.6,-0.9
Body Mass,Overweight/obese,30 - 50 y,12,> 10 weeks,0.36,< 0.5,Cycling,-1.2,-1.3
BMI,Healthy,30 - 50 y,2,< 5 weeks,1,> 0.5,Cycling,-0.2,0
Body Fat,Healthy,30 - 50 y,2,< 5 weeks,1,> 0.5,Cycling,-1,-0.8
Fasting Glucose,Healthy,30 - 50 y,2,< 5 weeks,1,> 0.5,Cycling,-0.1,-0.1
Fasting Insulin,Healthy,30 - 50 y,2,< 5 weeks,1,> 0.5,Cycling,-0.4,0.2
HbA1c,Healthy,30 - 50 y,2,< 5 weeks,1,> 0.5,Cycling,-1.3,-3.1
HDL,Healthy,30 - 50 y,2,< 5 weeks,1,> 0.5,Cycling,-0.2,-0.1
LDL,Healthy,30 - 50 y,2,< 5 weeks,1,> 0.5,Cycling,-0.6,-0.2
Total Cholesterol,Healthy,30 - 50 y,2,< 5 weeks,1,> 0.5,Cycling,-0.7,-0.3
Triglycerides,Healthy,30 - 50 y,2,< 5 weeks,1,> 0.5,Cycling,-0.05,-0.16
VO2max,Healthy,30 - 50 y,2,< 5 weeks,1,> 0.5,Cycling,2,1
BMI,Healthy,< 30 y,7,5 - 10 weeks,1,> 0.5,Cycling,-0.2,-0.3
Body Fat,Healthy,< 30 y,7,5 - 10 weeks,1,> 0.5,Cycling,-1.2,-0.9
Body Mass,Healthy,< 30 y,7,5 - 10 weeks,1,> 0.5,Cycling,-0.5,-0.9
C-reactive Protein,Healthy,< 30 y,7,5 - 10 weeks,1,> 0.5,Cycling,0.32,-1.15
HDL,Healthy,< 30 y,7,5 - 10 weeks,1,> 0.5,Cycling,1.5,-0.7
LDL,Healthy,< 30 y,7,5 - 10 weeks,1,> 0.5,Cycling,7,0.8
Total Cholesterol,Healthy,< 30 y,7,5 - 10 weeks,1,> 0.5,Cycling,-2,2
Triglycerides,Healthy,< 30 y,7,5 - 10 weeks,1,> 0.5,Cycling,-7,7
VO2max,Healthy,< 30 y,7,5 - 10 weeks,1,> 0.5,Cycling,2.8,3.5
BMI,Healthy,< 30 y,12,> 10 weeks,0,< 0.5,Cycling,-1.5,-1.7
Body Fat,Healthy,< 30 y,12,> 10 weeks,0,< 0.5,Cycling,-1.9,-1.7
Body Mass,Healthy,< 30 y,12,> 10 weeks,0,< 0.5,Cycling,-3.9,-4.2
VO2max,Healthy,< 30 y,12,> 10 weeks,0,< 0.5,Cycling,4.1,3.8
VO2max,Healthy,< 30 y,6,5 - 10 weeks,0.8,> 0.5,Cycling,0.28,0.29
Body Fat,Metabolic Syndrome,> 50 y,16,> 10 weeks,0.63,> 0.5,Running,-0.5,-0.4
Body Mass,Metabolic Syndrome,> 50 y,16,> 10 weeks,0.63,> 0.5,Running,-1,-1
Diastolic Blood Pressure,Metabolic Syndrome,> 50 y,16,> 10 weeks,0.63,> 0.5,Running,-4,-5
Fasting Glucose,Metabolic Syndrome,> 50 y,16,> 10 weeks,0.63,> 0.5,Running,0.1,-0.4
Fasting Insulin,Metabolic Syndrome,> 50 y,16,> 10 weeks,0.63,> 0.5,Running,-15,-25
HbA1c,Metabolic Syndrome,> 50 y,16,> 10 weeks,0.63,> 0.5,Running,0.2,-1.2
HDL,Metabolic Syndrome,> 50 y,16,> 10 weeks,0.63,> 0.5,Running,0.08,0.08
HOMA-IR,Metabolic Syndrome,> 50 y,16,> 10 weeks,0.63,> 0.5,Running,-0.3,-0.5
Systolic Blood Pressure,Metabolic Syndrome,> 50 y,16,> 10 weeks,0.63,> 0.5,Running,-2,-7
Triglycerides,Metabolic Syndrome,> 50 y,16,> 10 weeks,0.63,> 0.5,Running,-0.13,-0.11
VO2max,Metabolic Syndrome,> 50 y,16,> 10 weeks,0.63,> 0.5,Running,3.6,0.8
BMI,Metabolic Syndrome,> 50 y,16,> 10 weeks,0.69,> 0.5,Running,-1,0
Body Fat,Metabolic Syndrome,> 50 y,16,> 10 weeks,0.69,> 0.5,Running,-1.02,-0.42
Body Mass,Metabolic Syndrome,> 50 y,16,> 10 weeks,0.69,> 0.5,Running,-3,0
Diastolic Blood Pressure,Metabolic Syndrome,> 50 y,16,> 10 weeks,0.69,> 0.5,Running,-9,-6
Fasting Glucose,Metabolic Syndrome,> 50 y,16,> 10 weeks,0.69,> 0.5,Running,-0.17,-0.37
HDL,Metabolic Syndrome,> 50 y,16,> 10 weeks,0.69,> 0.5,Running,0,0.03
LDL,Metabolic Syndrome,> 50 y,16,> 10 weeks,0.69,> 0.5,Running,0.41,0.06
Systolic Blood Pressure,Metabolic Syndrome,> 50 y,16,> 10 weeks,0.69,> 0.5,Running,-1,-9
Total Cholesterol,Metabolic Syndrome,> 50 y,16,> 10 weeks,0.69,> 0.5,Running,0.42,0
Triglycerides,Metabolic Syndrome,> 50 y,16,> 10 weeks,0.69,> 0.5,Running,-0.16,-0.02
VO2max,Metabolic Syndrome,> 50 y,16,> 10 weeks,0.69,> 0.5,Running,4.35,0.8
BMI,Metabolic Syndrome,> 50 y,2,< 5 weeks,0.18,< 0.5,Cycling,-0.3,-0.1
Body Mass,Metabolic Syndrome,> 50 y,2,< 5 weeks,0.18,< 0.5,Cycling,-0.7,-1.4
Fasting Glucose,Metabolic Syndrome,> 50 y,2,< 5 weeks,0.18,< 0.5,Cycling,0.1,-0.3
Fasting Insulin,Metabolic Syndrome,> 50 y,2,< 5 weeks,0.18,< 0.5,Cycling,-0.6,0.8
HOMA-IR,Metabolic Syndrome,> 50 y,2,< 5 weeks,0.18,< 0.5,Cycling,0,0.1
VO2max,Metabolic Syndrome,> 50 y,2,< 5 weeks,0.18,< 0.5,Cycling,1.5,1.5
Body Mass,Cardiac Rehabilitation,> 50 y,10,5 - 10 weeks,0.81944444,> 0.5,Running,-0.1,-0.8
Diastolic Blood Pressure,Cardiac Rehabilitation,> 50 y,10,5 - 10 weeks,0.81944444,> 0.5,Running,1,0
Systolic Blood Pressure,Cardiac Rehabilitation,> 50 y,10,5 - 10 weeks,0.81944444,> 0.5,Running,-3,-1
VO2max,Cardiac Rehabilitation,> 50 y,10,5 - 10 weeks,0.81944444,> 0.5,Running,6,2.7
BMI,Healthy,< 30 y,8,5 - 10 weeks,0.345,< 0.5,Running,-0.2,-0.1
Body Fat,Healthy,< 30 y,8,5 - 10 weeks,0.345,< 0.5,Running,-0.2,-0.5
Body Mass,Healthy,< 30 y,8,5 - 10 weeks,0.345,< 0.5,Running,-0.4,-0.6
Fasting Glucose,Healthy,< 30 y,8,5 - 10 weeks,0.345,< 0.5,Running,-0.2,-0.2
Fasting Insulin,Healthy,< 30 y,8,5 - 10 weeks,0.345,< 0.5,Running,0.3,-4.1
HDL,Healthy,< 30 y,8,5 - 10 weeks,0.345,< 0.5,Running,0,-0.1
HOMA-IR,Healthy,< 30 y,8,5 - 10 weeks,0.345,< 0.5,Running,0,-0.1
LDL,Healthy,< 30 y,8,5 - 10 weeks,0.345,< 0.5,Running,-0.3,0
Total Cholesterol,Healthy,< 30 y,8,5 - 10 weeks,0.345,< 0.5,Running,-0.3,-0.1
Triglycerides,Healthy,< 30 y,8,5 - 10 weeks,0.345,< 0.5,Running,-0.07,0.07
VO2max,Healthy,< 30 y,8,5 - 10 weeks,0.345,< 0.5,Running,2.6,1.8
BMI,Overweight/obese,30 - 50 y,8,5 - 10 weeks,0.5,< 0.5,Cycling,0,0
Body Fat,Overweight/obese,30 - 50 y,8,5 - 10 weeks,0.5,< 0.5,Cycling,-0.8,-0.3
Body Mass,Overweight/obese,30 - 50 y,8,5 - 10 weeks,0.5,< 0.5,Cycling,-0.1,0
C-reactive Protein,Overweight/obese,30 - 50 y,8,5 - 10 weeks,0.5,< 0.5,Cycling,0.5,0.4
Fasting Glucose,Overweight/obese,30 - 50 y,8,5 - 10 weeks,0.5,< 0.5,Cycling,-3,2.4
Fasting Insulin,Overweight/obese,30 - 50 y,8,5 - 10 weeks,0.5,< 0.5,Cycling,-2.2,-2.3
Flow-mediated Dilation,Overweight/obese,30 - 50 y,8,5 - 10 weeks,0.5,< 0.5,Cycling,3.8,-0.4
HDL,Overweight/obese,30 - 50 y,8,5 - 10 weeks,0.5,< 0.5,Cycling,1,-0.7
HOMA-IR,Overweight/obese,30 - 50 y,8,5 - 10 weeks,0.5,< 0.5,Cycling,-0.6,-0.5
LDL,Overweight/obese,30 - 50 y,8,5 - 10 weeks,0.5,< 0.5,Cycling,4.9,2.6
Total Cholesterol,Overweight/obese,30 - 50 y,8,5 - 10 weeks,0.5,< 0.5,Cycling,5,4.8
Triglycerides,Overweight/obese,30 - 50 y,8,5 - 10 weeks,0.5,< 0.5,Cycling,-3.2,23.6
VO2max,Overweight/obese,30 - 50 y,8,5 - 10 weeks,0.5,< 0.5,Cycling,4.1,3.1
Body Mass,Healthy,< 30 y,6,5 - 10 weeks,0.7,> 0.5,Cycling,0,0
VO2max,Healthy,< 30 y,6,5 - 10 weeks,0.7,> 0.5,Cycling,6.6,7
BMI,Healthy,< 30 y,6,5 - 10 weeks,1,> 0.5,Cycling,0,0
Body Mass,Healthy,< 30 y,6,5 - 10 weeks,1,> 0.5,Cycling,0.1,0
VO2max,Healthy,< 30 y,6,5 - 10 weeks,1,> 0.5,Cycling,3.2,6.5
BMI,T2D,30 - 50 y,2,< 5 weeks,0.61818182,> 0.5,Cycling,-0.2,-0.2
Body Fat,T2D,30 - 50 y,2,< 5 weeks,0.61818182,> 0.5,Cycling,-1,-0.9
Body Mass,T2D,30 - 50 y,2,< 5 weeks,0.61818182,> 0.5,Cycling,-0.5,-0.4
Fasting Glucose,T2D,30 - 50 y,2,< 5 weeks,0.61818182,> 0.5,Cycling,-0.1,0.2
Fasting Insulin,T2D,30 - 50 y,2,< 5 weeks,0.61818182,> 0.5,Cycling,0.1,0.3
HbA1c,T2D,30 - 50 y,2,< 5 weeks,0.61818182,> 0.5,Cycling,-1.8,-2
VO2max,T2D,30 - 50 y,2,< 5 weeks,0.61818182,> 0.5,Cycling,1.3,-0.1
BMI,Overweight/obese,30 - 50 y,2,< 5 weeks,1,> 0.5,Cycling,0,0
Body Fat,Overweight/obese,30 - 50 y,2,< 5 weeks,1,> 0.5,Cycling,-1.1,0.1
Diastolic Blood Pressure,Overweight/obese,30 - 50 y,2,< 5 weeks,1,> 0.5,Cycling,-3,-1
Fasting Glucose,Overweight/obese,30 - 50 y,2,< 5 weeks,1,> 0.5,Cycling,0.16,-0.34
Fasting Insulin,Overweight/obese,30 - 50 y,2,< 5 weeks,1,> 0.5,Cycling,0.24,0.21
HOMA-IR,Overweight/obese,30 - 50 y,2,< 5 weeks,1,> 0.5,Cycling,0.15,-0.12
Systolic Blood Pressure,Overweight/obese,30 - 50 y,2,< 5 weeks,1,> 0.5,Cycling,-1,0
VO2max,Overweight/obese,30 - 50 y,2,< 5 weeks,1,> 0.5,Cycling,-0.4,0
BMI,Metabolic Syndrome,> 50 y,16,> 10 weeks,0.43181818,< 0.5,Running,-0.7,-1.2
Body Mass,Metabolic Syndrome,> 50 y,16,> 10 weeks,0.43181818,< 0.5,Running,-2.3,-3.6
Diastolic Blood Pressure,Metabolic Syndrome,> 50 y,16,> 10 weeks,0.43181818,< 0.5,Running,-6,-6
Fasting Glucose,Metabolic Syndrome,> 50 y,16,> 10 weeks,0.43181818,< 0.5,Running,-0.3,0.4
Fasting Insulin,Metabolic Syndrome,> 50 y,16,> 10 weeks,0.43181818,< 0.5,Running,2,1.3
Flow-mediated Dilation,Metabolic Syndrome,> 50 y,16,> 10 weeks,0.43181818,< 0.5,Running,10.32,5.81
HDL,Metabolic Syndrome,> 50 y,16,> 10 weeks,0.43181818,< 0.5,Running,0.15,0.06
Systolic Blood Pressure,Metabolic Syndrome,> 50 y,16,> 10 weeks,0.43181818,< 0.5,Running,-9,-10
Triglycerides,Metabolic Syndrome,> 50 y,16,> 10 weeks,0.43181818,< 0.5,Running,0.05,0.2
VO2max,Metabolic Syndrome,> 50 y,16,> 10 weeks,0.43181818,< 0.5,Running,11.7,5.6
Body Fat,Healthy,< 30 y,15,> 10 weeks,0,< 0.5,Cycling,-2.7,0.6
Body Mass,Healthy,< 30 y,15,> 10 weeks,0,< 0.5,Cycling,-1.5,-0.1
Fasting Glucose,Healthy,< 30 y,15,> 10 weeks,0,< 0.5,Cycling,-0.2,-0.1
Fasting Insulin,Healthy,< 30 y,15,> 10 weeks,0,< 0.5,Cycling,-6,-1
HOMA-IR,Healthy,< 30 y,15,> 10 weeks,0,< 0.5,Cycling,-1.2,-0.3
VO2max,Healthy,< 30 y,15,> 10 weeks,0,< 0.5,Cycling,7.6,6
Diastolic Blood Pressure,Healthy,30 - 50 y,24,> 10 weeks,0.37,< 0.5,Running,-2,-1
Systolic Blood Pressure,Healthy,30 - 50 y,24,> 10 weeks,0.37,< 0.5,Running,1,4
BMI,Overweight/obese,30 - 50 y,4,< 5 weeks,0.5,< 0.5,Running,-0.1,-0.3
Body Fat,Overweight/obese,30 - 50 y,4,< 5 weeks,0.5,< 0.5,Running,0.4,-0.1
Body Mass,Overweight/obese,30 - 50 y,4,< 5 weeks,0.5,< 0.5,Running,-0.3,-1
Fasting Glucose,Overweight/obese,30 - 50 y,4,< 5 weeks,0.5,< 0.5,Running,-3,-21.4
Fasting Insulin,Overweight/obese,30 - 50 y,4,< 5 weeks,0.5,< 0.5,Running,0.5,-7.5
HDL,Overweight/obese,30 - 50 y,4,< 5 weeks,0.5,< 0.5,Running,3.4,-1.4
HOMA-IR,Overweight/obese,30 - 50 y,4,< 5 weeks,0.5,< 0.5,Running,0.02,-3.3
LDL,Overweight/obese,30 - 50 y,4,< 5 weeks,0.5,< 0.5,Running,-10.7,-0.5
Total Cholesterol,Overweight/obese,30 - 50 y,4,< 5 weeks,0.5,< 0.5,Running,-3,-2.4
Triglycerides,Overweight/obese,30 - 50 y,4,< 5 weeks,0.5,< 0.5,Running,22.1,-2.6
VO2max,Overweight/obese,30 - 50 y,4,< 5 weeks,0.5,< 0.5,Running,-0.2,0.1
VO2max,Cardiac Rehabilitation,> 50 y,12,> 10 weeks,0.22,< 0.5,Running,6,1.9
Body Mass,Overweight/obese,< 30 y,12,> 10 weeks,0,< 0.5,Cycling,-0.4,-1.9
Fasting Glucose,Overweight/obese,< 30 y,12,> 10 weeks,0,< 0.5,Cycling,-3.3,-4.1
Fasting Insulin,Overweight/obese,< 30 y,12,> 10 weeks,0,< 0.5,Cycling,-0.9,-2
HDL,Overweight/obese,< 30 y,12,> 10 weeks,0,< 0.5,Cycling,-3.9,-1
LDL,Overweight/obese,< 30 y,12,> 10 weeks,0,< 0.5,Cycling,-7.2,-9.4
Total Cholesterol,Overweight/obese,< 30 y,12,> 10 weeks,0,< 0.5,Cycling,-7.6,-7.9
Triglycerides,Overweight/obese,< 30 y,12,> 10 weeks,0,< 0.5,Cycling,4,-5.6