age,height,weight,heart_rate,vo2_max,resting_heart_rate
56,56.4,178.6,144,34.3,62
46,88.3,187.3,149,37.7,48
32,50,168.9,145,37.7,76
25,70.8,165.1,129,47.5,50
38,76.1,173,70,40.2,70
56,52.7,190.9,73,55.7,50
36,98.7,196.5,119,59.7,79
40,61.3,177.3,95,40.3,49
28,65.2,183.1,163,51.2,58
28,65.2,195.2,100,49.7,46
41,61.5,154.9,61,35.8,84
53,50.1,161.6,116,57.5,57
57,86.5,185.4,166,36,49
41,98.3,191.2,119,52.1,80
20,61.2,192.9,79,40.4,80
39,83.2,170.8,81,41,63
19,87.1,154.5,162,43.7,64
41,92.4,171.9,63,55.9,66
47,71.1,161.5,115,34.2,75
55,65.1,164.6,152,31.6,48
19,66.3,188.6,169,42.1,47
38,85.6,153.8,117,31.7,81
50,90.8,191.4,147,50.6,69
29,59.1,171.4,124,52.8,81
39,68.5,179.8,147,55.6,48
42,95.1,154.5,117,52.3,83
44,90.3,166.9,89,57.5,51
59,99.2,154.5,135,52.4,51
45,87.7,198.1,78,58.1,69
33,69.7,190.4,160,35.8,59
32,79.5,173,121,45,51
20,83.1,161.2,163,59.8,48
54,53.9,196.7,166,50.4,78
24,77.2,167.2,177,56.4,63
38,85.5,158,127,30.9,82
26,58.4,178.2,138,56.2,71
56,89,197.2,143,50.9,49
35,79.2,150.2,103,35.1,57
21,97.6,161.9,143,30.8,58
42,52.1,196.9,177,37.8,74
31,63.3,158.6,178,57.5,54
26,80.1,155.7,120,50,76
43,64.8,178.5,80,57.6,45
19,85.7,193.1,69,43.4,68
37,88,173.9,89,58.1,73
45,55.1,199.7,83,43.9,51
24,75.7,184,107,36.1,75
25,75.4,153.7,114,34.5,61
52,68.5,199.6,163,59.8,74
31,96.6,170.4,111,40,69
34,91.4,164.4,163,34.8,72
53,84.9,177.9,97,30.3,80
57,85.7,165.2,126,38.6,51
21,73.1,154.3,152,56.7,79
19,96,150.1,67,46,64
23,84.7,172.5,88,49,58
59,86.4,191.8,178,57.7,74
21,93.1,178.6,69,45.4,45
46,63.7,200,128,55.1,82
35,90.4,164.3,134,39.7,69
43,59.8,164,127,59.3,78
51,67.3,158,108,32.4,52
27,66.8,158.2,117,51.7,64
53,98.9,164.3,94,49.8,74
31,92.8,189.6,109,35.8,48
48,85.1,195.3,99,41.7,65
32,86.4,198.8,179,39.4,71
25,78.1,161.6,71,32.8,54
31,97.4,194.1,144,47.5,67
40,74.8,166.4,75,59.8,77
57,69,155.6,137,46.8,55
38,58.2,193.5,144,46.4,63
33,89.3,181.8,107,31.2,55
35,86.7,158.2,150,34.2,48
41,69.2,171.5,159,45.4,67
43,51.3,164.4,60,59.6,49
42,91.9,186.8,124,56.3,49
58,50.6,172.7,81,40.2,62
46,85.2,199.5,74,46.3,61
32,98.5,152.7,175,46.6,47
18,71.9,167.8,143,50.6,52
42,61.7,174.1,126,50.6,84
24,85.2,175.2,73,53.7,67
26,90.9,165.8,132,30.7,67
41,77.3,186.5,78,58.3,46
18,98.4,193.7,99,32.1,83
25,52.6,196.9,157,44.3,65
41,75.2,190.3,63,57.6,68
28,85.9,192.5,92,44.6,82
34,93.1,177.5,102,31.9,64
25,59,191.3,96,36.9,83
52,90,165.2,125,47.4,71
52,77.6,169.9,86,32.6,83
50,69.8,165.8,104,42.7,51
22,56.6,173.4,140,39.9,77
59,93.3,164.3,172,54.5,73
56,57.9,198.1,109,33.3,54
58,65.5,165.6,176,50.5,54
45,64.5,154.9,154,42.2,56
24,93.6,176.3,122,47.6,47
26,83.6,152.9,164,36.2,47
25,89.8,155.5,65,48.3,57
29,62.5,161,175,50.2,75
51,81.2,173.2,154,32.1,71
50,78.6,171.7,126,54.7,50
40,91.6,190,163,55.8,71
41,95.3,187,126,31.9,79
54,50.6,171.3,156,48.1,53
52,83.7,166.7,175,47.8,50
57,52.6,165.8,118,30.4,50
39,77.4,188.7,72,40.3,84
44,64.4,152.6,80,59.1,70
52,65.3,150.6,123,46.7,63
18,67.6,189.8,96,58,60
52,81.1,173.9,139,50.3,67
54,66.7,156.5,144,30.9,55
31,86.6,161.8,179,32.3,60
20,70.2,196.6,107,51.7,73
18,53.4,193,115,46.6,82
22,89.2,185.5,103,33.8,64
43,64.3,174.1,72,48.4,65
31,71.6,176,63,54.3,72
56,84.3,198.8,154,52.6,77
44,66.6,198.3,132,37.4,84
26,52.8,160.8,171,37.7,70
32,68.7,190.6,92,59,54
32,97.2,159.9,96,56.6,78
43,82.1,160.7,112,39.6,53
59,83.6,183.8,160,54.7,80
30,81.6,170.3,83,34.9,55
49,59.9,196.6,148,35.9,54
56,70.9,154.5,110,35.4,51
49,87.5,175.6,100,32.6,82
21,55.1,195.9,88,55.6,60
47,63.9,195.2,118,47.4,70
54,63.8,157.8,99,37.8,76
40,71.6,168.3,110,55.5,75
56,99,181,109,54.1,76
32,53.4,158,170,33,56
46,75.9,198.4,95,49.3,71
53,59,195.7,138,51.7,66
30,98.5,158.3,168,51.5,59
49,55.7,156.1,119,51.7,52
24,70.2,154.3,77,35.1,48
39,86.9,195.5,79,39.5,52
45,85.2,159.7,64,55.3,67
19,71.1,170.8,77,57,60
59,67.3,172.4,99,38.4,78
23,69.9,180,60,30.7,66
45,63.2,153.6,78,55.8,67
45,60.3,161.3,146,41.3,49
37,74.2,196.6,85,39.9,81
47,63.4,195.4,172,40.4,51
28,64.4,189.1,88,42.5,81
45,82.8,151,118,41.3,70
42,98.4,166.4,122,47,72
56,80.2,181.4,157,32.4,48
50,53.8,163.8,142,59.1,76
18,53.8,195.5,121,58.1,82
44,97.6,181.7,107,58,53
30,64.9,153.6,121,56.4,80
58,54.6,195.5,77,49.8,70
20,80,197.9,125,36.6,55
56,81.2,153.9,86,31.5,64
23,82.4,176.6,65,33,82
25,63.4,165.2,162,39.7,59
44,50.8,169.6,129,45.1,79
26,98.3,159,118,59.8,53
54,62.5,178.9,65,43.1,77
50,83.8,197.9,90,45.7,55
59,85.3,175.2,164,50.9,66
41,80.5,154.1,163,35.4,50
32,65.6,181,153,58,81
49,63.6,167,115,45.9,65
49,79.9,192.8,113,38.3,56
41,93.3,171.7,144,58.1,51
58,97.3,159.6,100,48.8,46
29,55.3,159.6,167,44.5,83
56,57.7,188.4,77,47.4,68
19,97.2,163.3,146,52.4,70
20,86.8,188.4,161,34.6,69
54,94.1,160.3,82,55.9,64
34,60.1,166.1,151,58.8,84
19,79.4,173.3,95,47,46
19,85.1,197.2,84,50.5,79
45,84,196.6,66,55.8,77
40,70.4,160.3,141,41.2,61
54,50.8,167.9,79,59.8,66
49,79.1,157.5,64,50.4,45
50,62.7,175.5,77,42.7,81
18,72.5,173,165,50.3,74
36,97.9,195,163,45.7,50
19,70,196.5,92,33.3,58
43,92,169.2,138,53.9,80
49,59.4,174.6,94,46.9,77
23,83.6,194.8,170,53.9,82
49,98.9,190.3,169,34.6,83
21,55.1,150.2,124,46.2,50
28,50.4,166,122,53,70
34,71.7,171.1,144,59.6,68
55,54.6,161.5,131,56.5,77
41,87.4,160,130,55.9,52
22,95.7,151.9,100,37.4,78
51,71.7,182.2,109,55.1,78
23,62.9,163.1,167,35.1,68
39,71.7,152.6,163,35.9,46
28,86.2,161.5,163,33.3,52
33,50.5,190.1,89,55.7,69
50,79.5,192.6,97,33.2,74
26,80.7,174.2,94,34.1,76
23,81.9,170.8,125,37.4,74
33,62.1,198.9,105,47.2,51
46,85.7,160,67,56.4,68
20,54.6,160.8,161,42.5,53
37,60,164.6,127,46.4,60
53,93.9,158.6,96,35,46
36,86.9,169,144,38,79
43,50.7,195.5,72,34,78
20,62.4,180.8,132,42.3,66
36,60.7,170.6,104,47.7,63
37,63.5,196.7,88,38.5,65
49,62.4,152.4,100,55.4,56
24,53.1,160.5,115,59.4,55
58,72.9,178.3,147,33.6,63
50,86.6,180.8,75,30.5,50
57,80.3,152,71,53.7,58
56,83.6,170.2,125,35.7,77
35,54.1,182.5,121,40.6,82
57,97.6,184.9,78,41.8,57
18,91.9,181.9,89,57.5,70
28,90.3,166,75,49.8,58
45,91.1,154.7,147,31.2,68
42,96.6,171.4,72,30.4,45
40,77.2,156.4,128,36,74
48,60,197.4,82,39.5,54
47,80.8,173.8,121,44.5,54
59,87.1,165.9,179,55.1,72
52,86.9,188.3,161,39.4,48
24,76.1,174.9,90,41.3,58
33,53.4,165.5,112,39.9,56
43,68.6,190.6,179,30.3,82
19,96,193.4,76,58.7,81
18,79.2,183.7,108,34.2,54
29,76.9,152.3,108,38.6,71
22,63.4,178.3,126,33.9,56
54,68.4,188.2,85,44.7,66
49,94.8,156.8,72,58,48
26,83.3,161.4,167,33,73
58,89.4,194.1,97,43.2,80
52,72.7,151,81,30.7,58
36,81.5,187.6,144,53.1,56
33,62.4,173.7,88,49.2,64
20,85.3,172.3,104,51,67
37,71.4,150.4,105,44.2,66
41,72.1,191,98,57.2,78
50,82.5,168,128,42.3,65
41,96.8,177,137,45.4,53
28,53.2,183.9,141,50.9,54
25,91.2,185.1,127,45.6,54
53,64.6,197.8,156,35.7,74
55,72.2,176.6,98,39.5,77
57,51.1,170,79,32.8,46
37,65.1,197.7,136,43,76
52,75.1,182.1,159,48.3,61
42,52.8,164.9,168,33.6,72
52,74.6,156.3,127,48.9,61
42,96.4,192.1,94,56.8,58
46,55.3,168.1,67,40.1,54
35,88.2,183,111,36.7,78
35,70.5,173.5,99,56.8,58
19,82.8,159.9,172,50.8,61
52,63,180.1,170,33.2,81
33,58,153,95,42.2,66
58,58,170.7,65,50.2,62
53,53.5,177.3,179,47.2,79
50,59.3,171.8,145,48.6,62
21,83.2,187.4,129,47,74
50,94.1,191.4,165,53.9,81
31,90.7,188.6,159,39.6,84
38,84.3,151.9,132,51.3,50
37,55.5,159.7,75,59.7,59
25,64.5,176.8,162,41.7,79
24,65.5,196.7,105,53.7,70
20,62.5,191.7,118,37.4,71
34,75.8,192.1,97,38.5,74
50,76.8,165.2,156,58,55
29,67.8,171.5,77,30.8,68
39,67.7,173.5,71,36.5,58
39,91.4,157.9,113,44.5,67
47,89.5,151.6,150,42.1,53
55,65.4,197.3,106,48.9,62
55,95.7,162,60,35.8,83
25,97.6,162,74,32.1,63
44,66.3,154.2,170,41.1,49
44,67.7,196.4,150,45.7,62
51,75.3,179,139,46.9,77
38,97.1,183.4,80,48,82
47,93.8,195.6,60,46.5,57
50,55.1,167.3,152,37.4,53
45,69.6,181.1,126,52.9,70
50,77.7,151.9,71,32.6,45
22,75.2,159.3,87,36,56
36,59.7,191.6,98,52.2,68
21,92.9,188.3,96,38.4,45
52,83.8,167.5,154,44.8,48
34,91.9,168.8,119,39.8,51
45,92.9,176.7,90,45.2,72
47,87.4,150,117,40.4,81
46,72,162.1,156,59.8,49
23,80.5,160.4,156,40.7,83
52,58,162.5,170,48.8,76
58,83.7,190.3,163,56.7,75
54,59,164,70,49.1,59
41,84.7,159.6,169,47,47
46,61.5,175.2,88,47.1,59
48,55.9,193.3,148,44.9,62
52,58.3,162.1,178,54.2,65
50,50.1,153.9,72,31.5,54
38,85.9,167.8,110,56.6,65
49,86.6,187.4,167,47.6,70
40,75.7,177.5,113,55.5,47
50,58.1,190.8,78,30.3,45
20,54.2,198,117,56.1,65
35,51,189.6,95,33.6,55
42,58.3,180.2,87,51.6,60
59,94.5,174.7,127,42.5,79
48,62.1,152,62,50.4,65
20,67.7,199.2,161,48.8,55
57,55.3,169.2,160,34.9,75
41,61.1,157.6,166,45.4,45
49,76,183.3,148,38.3,76
39,80.4,164.2,100,46.8,47
40,62.3,179.3,94,52.1,76
19,52.9,179.3,152,32.4,49
44,69.6,172.3,164,45.5,81
59,61.7,191.8,152,48.5,56
19,61,163.2,135,38.9,58
43,98,172.4,158,58.6,53
34,80.8,176.9,143,45.6,51
57,77.8,183.2,140,35.5,60
50,70.8,189.2,176,33.2,72
26,71.4,169.7,135,46.2,51
56,77,182.3,109,41.3,58
46,84.8,157.5,159,35.8,76
59,85.1,196.6,133,30.9,52
43,58.6,169.2,141,47,71
52,75,186.5,89,48,47
42,70.6,151,131,34.3,71
41,93.5,160.3,164,48.1,74
30,81.6,174.4,174,58.6,78
24,76.6,193.9,136,59.3,70
53,55.8,176.4,154,56.7,81
37,80.3,196.5,129,54.2,84
18,55.9,174.2,113,36.3,66
25,66.9,174.5,130,34.7,76
33,57.1,156,144,43.3,46
31,84.6,190.1,161,48.6,52
29,60.3,162.3,166,55.5,51
40,69.6,195,172,37,63
32,94.8,195.5,110,44.4,77
45,60.2,197.2,87,49.4,46
51,75.4,176,123,43.4,47
19,71,183.9,167,43.6,72
49,50.9,188.9,144,36.8,58
40,89.6,156.6,80,59.6,59
39,53.5,180,147,44.3,65
42,73.7,151.7,86,46,58
39,78,174.9,86,36.6,84
39,81.4,157.7,136,45.4,62
59,84.4,159.1,109,37.7,83
23,62.7,168.3,88,36.1,64
32,50.5,171.6,98,38.3,45
54,86.2,181.2,116,30.1,53
50,76.8,153.7,178,47.1,53
25,91.8,175.2,151,41.6,82
22,91.1,159.1,96,57,83
56,92.2,178.7,152,31.2,73
21,74.3,181.9,123,31.3,59
23,66.7,177.8,107,56.6,64
49,89.6,186.9,81,33.8,82
47,72.6,166.8,159,30.1,74
52,59.2,188.3,89,35.4,70
57,92.7,171.6,87,54.7,50
33,94.1,174.2,82,54.1,83
30,73.3,182.4,156,40.2,61
59,53.8,150.9,63,50,50
47,69.4,182.7,62,45.2,72
36,90.2,180.9,120,57.1,53
34,95.1,165.5,155,31.7,71
36,60.2,154.3,63,54.4,79
45,53.3,154.5,124,35.1,50
43,93.9,196.2,71,41.7,48
54,69.5,184.5,72,35.8,60
43,77.1,156.4,93,51.1,67
40,98.4,167.8,118,50.3,67
26,53.3,179.6,152,46.4,73
29,82.4,191.8,132,50.9,48
18,53.7,152.2,90,49.2,84
18,68.8,161.8,130,53.3,84
51,90.2,194.5,72,37.2,68
49,71.7,150.5,113,42.9,50
42,99.9,160.1,61,34.5,84
57,78,198,92,42.9,50
18,66.1,180.7,109,51.1,58
33,61,163.1,66,50.7,58
56,67.5,153.3,77,51.3,79
22,68.6,151.4,110,39.3,50
39,53.4,162.2,67,49.9,67
46,68.5,194.1,114,41,64
20,73.2,170.8,135,58.3,61
29,86.1,186,102,40.3,64
43,82.8,195.9,118,48.1,50
33,85.4,170.4,89,52.5,84
54,50.4,159.6,118,57.2,72
39,60.9,175.9,68,43.1,57
46,83.1,195.4,151,40.8,73
31,74.2,190.2,127,42.9,64
45,50.3,153.3,98,39.7,61
22,90.2,184.6,140,49.6,79
47,88.6,178.6,70,58,83
22,77.4,195.4,61,33.8,81
29,53.3,156.1,82,46.8,67
33,88.3,176.7,122,56.9,62
43,79.2,194,173,33,80
43,89.1,170.5,81,44.8,64
38,87.6,174.1,120,56,51
56,90.2,153.5,85,57,80
53,75.9,163.9,71,45.4,45
50,57,166.2,91,30.7,81
47,83.6,197.3,68,33.2,79
54,81,164.1,166,47.6,47
40,87.1,173,128,33.7,79
27,58.5,183.6,149,34.5,73
22,59.7,158.1,130,53.2,53
53,94.5,174.3,152,52.5,81
51,87.5,186.9,92,55.3,69
48,95.4,193.3,83,33.2,56
27,87.9,181.3,148,35.9,82
36,79.9,183.5,154,55,51
49,82.7,156.3,152,51.6,51
18,94.5,197.3,128,54.2,48
22,78.9,156.6,97,59.7,75
21,81.6,188.7,168,55.9,83
33,57.8,163.2,70,45.6,54
41,73.7,196.7,91,39.3,67
33,85.8,186,123,47.1,70
19,63.5,187.7,131,49.2,67
45,60.1,161,79,40.1,73
49,65.7,172.2,93,53.1,52
44,62.1,180.9,170,32.8,63
37,60.7,188.5,101,53.4,73
41,71.2,155.2,67,31,50
29,95.4,198.1,125,44.9,73
52,75.4,194.5,80,55.8,68
50,59.4,163.5,138,32.6,54
50,53.8,191.1,129,45.5,58
54,84.8,175.9,64,34.8,50
29,69.1,173.1,177,56.8,48
20,91.1,165.7,177,55,59
18,83,179,126,58,81
50,89.8,186.5,166,56.2,83
57,63.6,170.5,102,52.1,72
27,84.6,181.5,75,35.5,46
46,63.2,185,158,39.1,57
30,97,185.6,132,44.9,46
29,81.8,152.6,94,47.7,76
48,66.2,193,142,53.5,49
19,63.5,172.9,102,36.8,47
52,59.5,163.1,169,33.8,46
40,84.7,162.1,157,44.5,58
34,60.9,174.2,98,34.7,84
43,79.8,194.3,69,50.8,73
25,63.2,168.9,133,47.3,82
46,83.1,187.5,79,52.2,50
43,90.7,154.8,60,31.9,78
27,88.9,173.8,65,58.9,52
43,88,199.6,112,30,46
51,59.4,188.5,105,39.8,70
58,54.4,160.5,125,50.4,61
24,84.9,175.1,97,31.4,68
21,68.4,161.7,92,32.5,75
28,71.6,170.5,126,32.3,60
46,51.6,189,159,47.4,65
53,63,188.6,136,56.9,82
42,51.7,161.4,94,46.7,70
38,94,196.1,138,48.1,61
53,62.2,179.6,104,40.4,48
27,77.9,169,81,30.6,48
54,51.9,175.1,166,30.6,63
26,83.3,180.3,127,56.6,82
41,66.2,178,76,33.1,69
52,94.9,174.3,64,60,52
52,94.4,175.2,144,34.9,62
53,66.3,158.8,116,50.2,62
35,95,190.6,147,58.5,51
56,99.8,177.1,154,40.9,61
49,91.3,156.6,99,52,47
41,92.2,188.3,176,40.5,66
40,62.5,196.6,179,39.1,59
49,78.8,197.4,89,36.1,75
54,53.4,168.5,101,54.6,80
29,54.7,156.8,66,37.7,70
30,99.9,175.9,172,38.5,58
40,66.3,155.6,130,60,61
42,87.4,196.7,150,39.8,53
52,90.3,159.2,147,42.7,51
58,92.9,162.6,78,59.7,71
47,99.9,170.3,100,41.1,72
34,62.1,169.2,179,41,56
37,52,189.7,93,54.8,61
42,70.6,172.8,81,39.4,53
39,56.5,158.5,111,37,52
30,51.1,163.4,174,42.7,71
36,68,175.5,150,51,56
53,89.2,157.4,65,31.3,81
29,78.3,180.6,133,41.2,64
58,65.6,178.3,168,40.4,45
36,82.7,185.7,154,37.3,53
29,61.6,196.9,84,49.6,68
26,50.7,195.6,125,38.7,78
24,88.2,197.3,69,48.2,80
45,81.2,162.2,133,45.1,48
31,88.1,156.6,85,36.5,73
48,51.9,165.1,64,38,67
36,91.9,194.8,145,35.1,79
33,81,198.6,127,31.7,60
22,78.2,193,178,48.6,52
52,81.2,155.5,157,50.2,71
29,93.2,197.4,130,35,83
42,79.3,171.2,109,48.5,56
38,79,150.5,76,59.5,48
53,99.5,172.1,70,32.2,69
40,87.8,152.3,112,44.7,50
33,72.1,177.2,109,52,47
56,85.4,166.9,67,31.4,83
59,69.5,173.7,151,53.3,68
56,61.4,180.7,167,59.4,65
31,79.8,193.4,179,32.7,50
48,96.4,183.1,156,54.7,77
22,96.5,171.7,175,41.4,52
52,67.1,191,121,34.3,77
40,76.4,195.3,148,44.8,47
46,60.6,156,144,32.1,46
28,99.8,176.6,135,45.7,82
35,99.1,164.2,149,30.6,84
29,82.5,152.4,88,51.9,83
26,90.2,183.4,161,44.6,83
27,85.8,193.1,158,43.8,68
34,79.7,158.1,160,35.9,65
55,52.7,190.6,169,40.8,62
24,72.7,192.7,103,35.5,79
30,83.7,195.7,168,52.1,55
57,83.9,163.3,104,36,55
59,68.7,195.2,88,48.5,47
26,97.1,166,172,38.4,67
44,58.4,177.6,147,49.7,45
19,75,152.5,118,46.2,67
22,84.5,152.2,74,42.7,66
46,84.9,186,129,50.2,74
54,82.4,172.2,155,42.5,46
55,63.8,162.8,103,54.6,61
36,57.8,159.5,157,51.9,64
25,81.8,183.5,95,46.2,53
18,80,150,143,56.3,55
39,59,190.3,116,54.9,61
34,85.3,154,176,46,58
24,72.8,159.6,123,32.1,62
42,83.4,169.3,135,47,62
21,91.9,174.2,158,40.7,52
53,58.5,167.7,172,46.2,73
23,51,166,97,49.4,52
48,89,198.2,179,49.3,70
36,80.5,182.1,76,50.2,72
56,85,151.2,86,50.4,52
44,91.9,171.5,76,33.3,64
27,90.1,193.8,122,35.8,52
43,98,165.1,70,48.9,58
36,76.8,154.7,123,42.2,57
56,74.4,187.9,178,52.9,84
20,70.1,180.3,98,33.7,61
30,57.7,178.5,61,35.7,70
45,78.6,152.7,174,46.8,50
37,63.9,157,125,45,61
45,96.1,181.1,113,38,48
25,79.2,160.4,88,42.3,69
58,79.6,175.2,104,31,51
56,67.7,177.2,147,31.1,61
18,52.6,164.2,147,32.8,66
20,51.6,197.4,139,47.3,72
30,71.2,192.1,90,55.9,50
45,54.2,186.1,108,37.8,74
42,80.3,153.9,166,31,54
50,94,155.3,68,51.3,83
55,94.1,174.6,86,55.7,58
23,83,158,115,34.1,66
49,60.6,198.9,164,41.6,70
38,93.1,157.9,137,34.8,54
33,94.3,174.4,104,33.2,46
38,59.8,168.2,148,49.4,47
28,86.9,182,102,59,55
54,64.3,156.5,167,50.3,54
53,90.1,171.5,81,59.5,56
52,99.9,163.7,158,43,58
36,51.5,194.4,92,56.9,74
37,94.9,152,86,36.2,57
35,81.1,195.7,99,33.5,74
58,98.7,191.6,85,51.1,82
31,73.3,164.9,142,41.1,55
32,92.4,189.5,104,39.5,45
48,53.1,151.6,162,50.1,71
18,66.8,198.3,104,40,83
20,53.4,176.3,85,47.2,81
33,98.8,165.2,129,39,53
40,90.8,168.1,126,53.5,70
28,92.6,153.3,65,39.4,69
29,96.9,199.5,87,46,61
27,54.3,152,126,30.7,50
49,69.3,182.7,72,53.8,59
33,53.6,172.1,122,48.6,47
25,60.5,197.4,72,35.8,75
55,61.5,162.3,136,36.5,72
29,73.5,176.6,60,37.9,53
41,63.4,174.1,99,47.3,62
45,55,185.1,96,46.4,84
25,58.4,153.4,90,38.2,76
45,57.4,159.7,175,50.8,63
53,98.7,160.7,76,56.7,49
43,88,186.9,68,31.3,50
25,98.4,159.5,168,42.5,56
45,72,178.7,123,47.8,61
45,63.9,160.8,116,47.6,83
54,89.9,193.1,72,30.6,51
58,66.3,197.1,96,36.3,55
53,65,175.9,73,31.9,78
44,61.6,167.6,134,47.1,46
34,56.5,161.7,84,49.4,58
26,62.8,152.5,154,34.8,62
50,67.8,163.4,137,40,53
37,83.7,182.7,116,39.9,83
30,53.1,176.7,130,54.6,48
45,60.5,197.2,147,35.8,58
46,90.5,169.8,172,46.4,55
30,57.3,184.7,159,53.5,74
52,67.1,174.5,101,54.9,84
23,93.2,175.6,101,50,71
35,57.7,163.4,106,39,73
22,54.1,172.7,175,54.7,76
42,74.2,173.5,103,52.3,74
19,65.1,185.3,100,51.1,70
27,78.2,197,62,32,74
47,90.2,166.5,170,31.3,54
22,56.9,152.1,167,50.9,56
50,79,174.8,149,58.3,77
18,75.3,177.2,170,53.2,78
35,57.2,158.4,149,54.9,62
49,81.2,188,60,46.3,83
28,63.7,199.2,138,39.1,60
38,74.4,197.3,70,50.3,48
43,54.1,159.9,160,51.4,54
42,73,193.8,66,50.3,72
39,65.3,185.2,71,58.4,62
44,91.1,172.7,175,41,53
30,52.8,177,97,31.2,66
50,70.9,192.5,113,57.3,54
51,72.9,174,126,34.8,84
58,86.3,168.7,165,50.9,67
52,78.7,174.7,112,56.2,57
18,83.4,179,149,39.3,68
38,88.9,159.5,177,54.9,57
23,93.1,195,153,40,69
45,65.7,183.7,91,53.8,73
34,76.9,181.7,159,32.1,60
22,92,155,104,49.7,84
48,99.5,180.2,110,50.3,50
22,94.5,156,96,44.7,52
55,68.6,153.9,178,50.6,78
20,59.8,176.4,118,57.7,62
40,74.5,170.1,113,52,76
54,87.1,179.4,77,58.8,54
54,74.6,154.5,60,43.5,78
27,74.2,171.5,176,45.8,67
27,91.9,158.7,80,37.9,63
36,68.1,199.4,87,59.6,64
34,93,178.1,171,31.7,78
38,70.3,184.4,75,40.8,82
31,66.4,166.3,107,38.9,61
26,72.7,154.7,87,41.6,49
18,88.1,198.8,81,57.5,46
30,56.3,164.3,142,41,78
21,59.8,171.2,171,57.5,64
18,97.6,182.5,60,42.7,46
57,58.8,151.2,154,55.6,72
49,78.4,190.5,175,45.7,62
51,79,176.8,175,39.3,83
45,74.5,163.9,101,43.5,79
48,82.2,153.1,157,42.7,59
25,61.5,158.1,169,37.8,83
56,77.6,194.8,163,38.7,84
43,68.6,184.3,129,35.6,83
51,83.1,162.5,151,40.1,47
20,57.1,153.3,62,48.7,63
29,78.5,184.5,154,41.6,67
18,59.3,178.6,139,51.4,63
22,63.9,170.2,140,59.6,62
47,60.9,168.2,103,41.3,74
47,59.1,160.8,86,43.9,83
34,91.3,183.5,110,34.9,63
40,64.3,198.5,83,41.8,49
32,96.4,158.8,79,51.8,57
54,98.5,179.9,91,36.5,78
38,78.6,171.2,158,35.5,68
31,57.2,172.3,72,41.3,62
19,68.7,162.7,171,54.6,48
28,89.9,191.3,102,48.7,80
56,68.4,174.3,79,58.7,52
55,54.4,177.2,171,57.1,45
51,77.8,165.2,175,34.5,82
55,92.3,159.1,61,31.3,80
51,89.8,154.3,127,42,82
35,58.8,185.7,150,45.7,57
47,83.6,159.8,119,45.5,66
32,61,184.5,148,34,73
44,60.9,169.5,63,33.7,53
51,93.7,170.8,155,31.4,71
55,62.5,173.5,76,55.5,48
50,63.2,168.4,60,58.4,84
41,50,155,92,33.5,61
32,93.5,165.5,89,36.4,81
47,89.6,183.2,64,32.7,47
59,81.4,183.3,177,56.3,48
34,87.5,164.3,71,58.8,84
22,57.6,173,161,37.9,60
46,72.9,159.7,91,39.1,55
21,67.6,160.5,97,40.9,71
27,54.7,151.2,76,45.1,70
34,74.3,194.8,117,50.5,75
27,96,160.5,177,45.1,78
34,52,161.4,168,58.5,52
37,64.6,164,99,33,83
41,60.4,156.4,155,54,45
22,61.9,182,83,40,46
51,95.4,153.8,71,41.3,71
23,73.4,156.7,170,51.3,47
19,73.3,182.2,154,57.9,78
30,88,167,78,51.5,60
28,57.7,185.4,88,53.3,45
40,74.4,177.9,144,52.5,51
33,71.5,162.8,149,39.6,79
48,79.8,182.5,111,52.7,66
28,100,155.8,151,53.5,76
33,88.5,176.8,76,46,70
25,69.9,171.9,132,46.1,50
21,91.4,163.4,80,52.8,55
57,58.5,180.2,173,54.5,75
21,51.5,193.6,119,40.1,65
42,60.2,199.9,157,54,66
20,67,180.4,134,54.4,45
49,75.5,170.2,178,37,65
20,80.8,161.3,79,51.5,64
44,95.5,162.9,172,35.6,53
46,75.5,174,112,32.8,71
49,75.1,168.4,173,47.2,73
36,52.5,195.7,170,57.3,77
38,51.7,168.4,162,31.1,45
22,77.6,168.7,139,54.8,47
35,71.9,169.2,122,45.2,76
45,92,191.8,116,55.8,64
59,58,182.5,88,55.3,61
39,51.2,180.7,60,56.3,81
38,72.5,166.7,141,53.1,82
23,61.9,190.9,118,55.3,54
18,52.5,151.9,123,35.3,73
22,86.2,193.5,145,39.1,76
58,55.6,175.6,131,37.3,57
29,80.4,169.9,130,52.3,75
43,64.1,174.9,148,34.6,48
51,58.7,183.4,153,35.5,62
31,69,150.6,157,56.4,55
43,90.1,193.6,103,51.2,62
44,69.6,172.3,107,56.3,81
26,87.5,167.1,164,34.2,77
43,56.3,156.9,175,42,81
39,88.6,172,134,38.5,47
47,61.8,174.8,74,30.3,45
34,83.9,170.2,94,38.5,63
43,78.3,183.9,82,41.4,50
53,96.5,171,112,32.8,54
18,69.4,198.1,104,47,81
25,53.3,180,144,41.5,56
52,51,190.4,151,31.4,61
32,91.3,155.5,72,51.1,71
39,76.2,169.9,93,51.9,46
31,88.8,166.8,97,55,69
43,61.7,178.5,129,44.6,72
45,67.3,193.1,167,59.1,81
40,51.5,153.9,127,57.4,81
31,98.1,153.6,64,46.5,61
41,83.4,192.5,178,43.3,49
19,96.7,160.6,99,30.1,63
43,63.3,183.4,129,51.3,48
31,80.6,177.1,80,46.9,83
24,83.9,191.6,87,58.1,82
20,65.9,156.3,62,47.8,74
40,92.4,156.5,82,59.8,76
35,97.4,177.8,131,55.6,81
55,94.2,197.3,78,58.6,71
52,87,170.7,176,39.8,76
32,63.9,166.3,134,34.5,55
42,64.1,180.3,109,53.9,57
54,98.2,196.5,133,53.6,79
45,50.5,191.8,117,36.3,61
27,85.8,199.8,151,52.9,74
56,85.3,151.1,79,47.5,62
34,81.1,155.6,167,33.3,81
56,99.5,180.5,175,45.1,74
39,65.6,191,151,57.9,70
43,67,164.3,152,45.2,60
42,53.9,162,131,53.7,55
34,72.1,189.3,142,30.9,48
30,63.1,152.8,112,51.8,59
37,67.2,168.5,171,58.4,56
42,91.7,175.3,144,45,71
21,96.8,178,141,40.1,48
27,59.3,186.4,68,49.4,79
20,68.6,167.7,63,57.5,65
58,96.4,180.6,100,35.3,80
35,53.1,179.3,84,42.1,46
53,54.6,177.4,93,34.7,83
39,58.1,182,132,44.9,72
51,79.8,163,68,46.2,78
25,57.5,154.2,141,58.3,77
57,98.4,156,134,42.4,52
36,72.3,161.2,72,47,52
59,75.1,175,161,56.6,66
58,62.3,192,68,39.6,71
54,73.5,185.1,139,50.2,72
23,83.1,189.5,63,52.7,55
43,87.6,167.5,93,39.9,71
51,87.7,170.2,66,34.9,45
23,78.9,169.7,74,45.1,83
54,95.2,159.6,97,40.7,72
50,90.9,153.1,134,38,71
39,87.9,179.5,155,59.2,52
38,52.8,199.5,150,45.1,68
23,50.3,158.3,153,55.7,84
23,60.6,152.3,111,35.9,80
21,83.2,189,140,58.2,68
47,70.6,162.6,159,53.8,66
28,70.1,191.5,142,54.3,54
47,94.2,185.2,66,41.7,48
48,94.8,197.3,166,44.6,52
41,95.5,170.4,104,47.8,83
26,65.7,183.1,118,53.7,59
20,84.6,173.2,80,55.5,52
48,63.6,181.5,87,32.3,73
57,59.5,172.5,62,57.1,83
54,59.2,159.4,73,58.1,79
53,67.1,175.4,61,47.8,58
41,71.5,176.4,88,35.6,76
48,91.5,190.5,77,54.6,51
23,56,186.8,96,46.5,77
19,86.7,183.2,104,54.5,79
37,76.6,155.7,104,54.4,71
45,64.4,186,83,32.6,45
28,74.6,175,179,48.2,50
21,65,194.7,105,44.5,46
32,79.8,196,71,58.4,51
23,71.7,152.8,112,38.9,52
47,58.2,191,104,36.2,73
55,55.8,151.9,91,56.9,60
19,77.3,168.4,77,34.5,73
32,95.1,177.1,72,50.6,75
28,67.2,157.4,63,39,66
25,86.7,187.3,82,47,54
43,82.9,150.4,121,48.5,48
22,96.6,158.4,113,42.5,69
23,91,179,133,59.2,57
43,78.3,185.7,114,34,61
21,82.9,195.8,128,41.7,84
36,94.9,185.3,173,42.9,52
37,70,183.6,99,48.9,67
50,66.3,169.7,73,42.2,51
37,50.5,150.1,157,32.9,76
29,91.3,156,87,58.4,68
18,90,176.7,131,42.5,45
43,55.2,183.8,139,40.3,80
31,78.8,170.9,154,43.4,71
55,73.2,186.5,130,36.5,50
54,55.9,176.1,126,33,75
28,99,153.7,88,34.5,56
53,60.7,159.6,159,35,70
30,53.4,192,120,35.9,69
20,79.7,186.2,162,42.6,48
50,86.9,194.7,127,48.7,50
23,51.6,155.9,68,48.9,57
27,82.9,199.5,178,30,69
22,76.6,160.5,76,57.6,75
40,55.2,150.6,108,54.7,66
27,58.6,199.9,122,58.9,79
19,78.4,164.1,143,40.8,65
30,64.8,183.4,137,49.9,59
57,96.9,158.8,105,35,47
19,90.9,179,152,54.5,81
37,99.2,195.2,72,34.8,70
18,63,166,159,39.8,61
54,98.5,183.5,104,44.7,82
26,71.6,159.4,112,47.8,79
34,67.4,181.2,76,46.8,52
26,52.5,166.8,106,33.1,55
28,52.6,160.6,121,42.7,68
32,84.6,165.7,109,57.7,52
41,72.9,158.9,102,56.2,74
55,61.3,195.1,127,47.7,45
52,80.7,169.9,143,47.2,78
47,62.6,162.3,134,33.4,64
48,78.9,172.4,165,36,80
22,68,166,145,37.6,78
31,91.2,187.2,168,44.6,78
28,91,198.6,177,51.9,57
26,73.9,171.9,131,43.8,50
51,67.5,193.1,87,33.8,80
29,68.1,178.3,104,43.2,69
52,90.3,157.9,100,34.9,71
52,66.4,184.5,153,52.5,75
18,60.5,175.7,156,35,47
57,54.2,182.5,156,44.5,72
39,73.3,194.5,170,50.8,48
46,74.1,172,177,36.8,61
25,92,195.1,95,32.3,82
28,61.1,187.5,150,46.9,78
58,69,174.4,143,31.6,64
54,90.4,180.2,92,47.6,57
31,91.2,166.3,84,52.6,49
47,69.2,199.2,167,39.9,68
52,73,183.4,166,44.7,82
38,65.2,152.2,78,57.9,61
54,96.6,166.3,106,44.1,75
22,55.9,181.2,144,59.9,72
36,96.7,152.8,165,34.7,45
31,84.2,151.2,92,51.3,46
43,76.6,172.5,179,49.6,77
21,51.6,166.6,126,56.2,84
42,73.8,171.9,73,32.8,73
59,70.4,163.1,138,38.4,48
42,58.1,158.2,92,34,62
35,82.8,184.5,101,58,68
57,98.6,175.7,145,42.8,76
25,78.1,160,124,57.3,53
56,85.7,166,154,38.8,60
57,53.4,179.6,106,33.8,65
31,70.9,153.6,94,38.9,74
49,55.8,157.4,176,47.9,47
55,80.6,153.7,143,55.4,77
50,96.9,190.6,91,41.6,75
40,83.1,187.6,114,57.4,58
32,53.8,187.7,113,37.3,50
50,67.7,185.8,135,50.8,49
42,77.5,183.5,110,52.1,73
34,70.2,173.8,139,38.2,81
50,91.7,182.1,118,30.8,80
19,90.7,151.9,131,41,65
31,80.6,181.1,179,31.4,56
57,68.7,188.9,73,57,67
57,62.8,175,77,58.6,58
56,55.3,167.9,114,52.1,54
23,67.7,163.9,153,51.8,71
23,70.7,182.1,156,37.2,46
20,83.8,184.6,157,32.2,58
24,82.9,193.5,115,54.1,51
25,53.5,167.1,167,46.8,61
59,69.8,188.5,108,50.4,64
32,59.1,178.1,157,53.4,52
46,57.8,194.1,119,42.3,64
50,91.4,176.4,172,34.3,80
47,52.1,175.9,112,53.9,49
56,71,178.9,130,43.6,57
44,58.4,187.5,65,54.8,83
53,94,198.2,129,43.1,82
46,77.9,153.7,145,36.5,61
55,61.6,152.7,67,35.1,50
50,75.1,196.9,160,52.3,63
54,86.6,176.5,74,47.2,69
44,97.9,180.7,85,42.1,47
50,61,174.1,98,44.8,72
21,94.3,154.7,62,46.5,70
39,96.7,188.4,116,37.2,52
19,95.8,187.4,69,41.3,59
27,81.8,165.6,62,38.8,45
22,81.5,165.3,153,41.7,84
27,70.2,191.9,105,45,67
50,87.6,153.6,81,35.2,80
55,76.6,194.1,126,41.8,60
30,83.9,162.8,124,41.6,48
48,71.4,179.6,156,38.6,52
53,86.6,196.8,78,60,80
41,91.2,183.9,159,32.2,54
32,57.3,170.7,121,49.3,74
46,91.6,184.5,157,35.2,80
25,77,167.2,116,55.2,60
22,92.2,163.9,154,57.4,74
46,71.6,199.8,166,42,54
21,69,187.5,147,54.7,55
29,95.8,182.2,135,37.5,78
19,62.6,167.8,72,34.2,60
44,92.2,152.5,75,39.5,63
48,74.2,151.6,75,40.3,48
53,75.7,177.7,174,41.9,75
53,65.4,188.1,178,41.2,79
43,78.7,176.9,111,42.3,78
44,66.3,192,176,51.3,70
22,52,151.7,143,37.4,83
37,63.6,168.3,100,30.6,50
28,50.3,161.9,107,44.7,77
27,98.9,172.4,150,43.4,71
57,98.3,153.6,98,31.8,56
55,69.8,197.7,72,34,52
23,86.4,161.2,63,45.3,53
25,67.3,196.1,155,37,45
40,83.6,171.3,168,56.3,49
43,90.3,199.3,163,35.2,51
29,97.3,177.7,157,30.6,62
43,70,196.5,162,43.4,84
30,89.2,150.3,102,59.6,68
57,63.3,187.4,140,49,70
35,99.5,195.2,147,40.6,54
42,51.3,157,152,30.5,84
50,80.2,154.8,105,44.5,56
57,83,171.2,151,36.2,66
29,84.4,196.7,168,49.4,71
53,56,177.1,106,47.5,47
21,96.9,176.4,145,38,62
22,59.1,157.1,151,32.1,49
54,81.1,150,112,52.7,58
25,61.1,190.5,84,47.6,69
59,65.4,154.4,100,55.3,75
45,77.3,181.7,62,37.8,65
48,70.9,195.7,136,49.6,82
26,58,160.4,154,33.6,64
46,58.5,183.3,72,38.8,58
31,70.9,153.9,164,49.7,64
57,87.9,180.2,77,54.8,81
58,94.9,158.2,96,39.6,74
39,54.2,186.8,102,54,64
28,69.7,165.1,93,50.3,51
40,55,173.2,140,40.5,49
18,50.8,180,114,56.3,75
54,83.1,158.6,111,45.3,73
38,80.1,187.1,144,49.4,59
43,58.2,165.1,95,44.9,69
53,61.7,183.1,113,43.6,57
40,51.2,157.9,118,55.4,68
18,91.7,184.4,173,38.8,59
57,98.7,156.4,179,31.1,68
32,56.8,171.3,111,56.4,70
38,61.6,162.4,163,54.8,63
26,93.4,187.4,78,41,68
26,96.3,163.1,71,35.6,63
27,71,194.1,151,50.3,61
43,52.5,194.6,70,32.4,49
58,52,159.8,107,42.7,48
52,78.7,180.7,160,32.6,66
42,69.6,154.4,151,47.9,54
43,51.4,169.6,158,30.8,65
28,79.2,185.7,167,48.9,69
55,50.6,183,138,50.2,50
19,89.4,181.2,75,44.6,74
24,65.3,164.1,168,35.3,73
35,52,168.9,130,33,55
44,79.4,155.1,106,39.4,55
51,69.9,186,126,44,71
44,98.7,175.2,90,49.3,63
34,77.2,185.4,135,30,66
41,63.8,162.4,67,51.3,72
42,85.5,166.2,148,51.4,48
24,63.6,166.7,120,43.3,81
23,95.2,151.3,103,40.3,63
41,68.7,167.1,109,55.3,61
50,77.5,190.2,94,53.5,84
46,52.5,194.9,135,59.5,80
39,71.3,175.9,120,41.2,67
43,91.6,172.8,178,57.2,72
45,90.3,151.5,144,32.6,55
38,61.2,194,149,42.3,58
24,61.3,150.7,114,44,57
34,90.9,197.2,125,43.2,68
37,96.5,174.5,73,48.8,60
58,54.8,167.1,169,35.1,72
37,72.5,196.2,63,56,74
39,66.9,151.2,76,46.6,83
45,93.5,179.1,170,57.1,71
57,54.2,177.4,171,30.1,61
24,60.6,161,128,48.9,70
18,87.6,171.4,83,42.4,51
49,52.6,182.6,108,45.2,79
30,74.6,186.4,114,52.3,59
47,72.1,150,130,36.8,60
40,66.7,196.8,82,36.1,65
36,69.7,158.2,170,51.1,61
49,76.5,161.7,140,45.6,70
47,58.1,163.2,71,37,79
46,78.6,151.9,70,44.5,64
46,90.3,156.2,174,43.8,64
47,88,199.3,134,50.7,67
33,57.7,165.8,157,30.1,49
57,57.5,155.8,170,47.6,53
36,63.4,155.3,160,48.2,67
35,68.1,186,173,52.4,62
18,70.4,192.7,88,56.7,73
31,84,162.8,121,43.2,55
19,52.8,151,112,40.3,52
45,51.7,161.2,176,33.1,71
47,69.6,152.8,107,40.1,46
55,84.9,155.2,159,32.1,67
21,59.7,171.6,150,54.1,65
18,82.1,161.5,178,54.2,54
25,63,175.8,165,42.5,82
46,94.3,162.7,145,37.8,48
56,94.8,197,125,33.5,65
20,64.9,195.3,170,55.5,81
49,61.5,178.3,159,56.3,56
27,70.6,167.7,107,38,58
27,62,169.1,153,48.7,64
36,83.6,170.6,118,37.8,52
51,91.3,186.4,130,36.8,71
50,83.7,172.6,116,30.6,81
40,91.2,192.8,135,47.3,65
45,69.8,197.2,62,34.5,79
49,57.8,166.8,140,30.4,83
24,86.9,178,164,33.1,59
46,68,154.8,91,39.4,56
25,83.6,160,67,50.1,78
18,63.5,170.7,146,36.1,52
20,54.1,160.3,161,56.6,81
41,99.6,193.8,89,38.7,74
40,57.8,157.9,74,39.9,47
25,99.4,172.8,133,36.5,74
54,98.9,180.3,114,37.6,73
20,89.7,184.6,97,32.2,45
50,83,169.2,74,38.8,60
45,78.9,193.5,89,55.8,75
25,93.3,178.4,105,50.7,54
51,64.5,172,123,56.3,74
52,73.4,153.4,85,33.1,70
49,81,173.2,174,43.7,56
41,70.6,191,168,36.9,84
31,71.4,180.7,137,51.6,49
49,66.5,191.6,126,59.1,53
33,78.2,174.7,95,54.5,55
21,92.5,155.9,149,31.1,67
54,60.1,150.7,137,39.5,61
38,96.7,165.2,90,30.9,57
31,84.5,184.9,137,31.2,61
48,91.2,189.5,99,32.4,67
35,77.8,164.8,133,38.3,83
24,89,174.8,132,39.1,53
27,50.8,171.1,105,42,62
24,90.9,170.5,163,42.1,62
50,52,161.6,166,53.1,74
40,94.5,156.8,101,34.2,70
38,99.6,159.8,77,34.7,62
36,64.7,152.8,159,48.8,65
36,60.5,159.9,95,47.2,77
53,88.3,150.5,135,34.6,58
46,62.7,181.4,109,55.6,54
35,93.3,165.8,120,39.9,72
19,55.1,198.7,99,41,58
18,56.3,159.7,62,42.6,63
22,99,167.3,141,39.7,70
37,83.7,167.9,66,46.7,54
28,92.3,150.4,90,41.7,61
59,66.2,192,124,37.8,78
19,83.8,151.6,154,57.1,58
20,79.7,197,123,39.3,70
40,80.2,194.6,177,51,78
29,84.1,176.8,136,40.4,63
37,78.8,177.2,152,43.1,68
22,71.5,182.7,62,37.1,75
54,63.8,169.4,152,52.6,84
55,88.4,182.4,94,52.1,50
47,61.3,152.2,74,30.7,64
26,84.6,152.7,80,31.8,83
51,61.7,172.9,121,57.7,78
52,81.3,177.5,142,56.7,66
39,87.4,194.4,87,45.2,51
41,60.9,155.2,63,44.8,77
34,53,191.1,168,54.4,50
27,56.5,160.5,72,34.2,60
47,80.3,169.7,138,49.6,52
40,92.5,165.8,110,44.3,67
49,52.2,170,107,52.3,62
34,86.7,157.5,98,30.9,58
34,67.1,175.2,155,47.8,80
31,73.9,190.1,126,46.7,59
26,96.4,172.1,153,55.2,49
57,66.6,174.5,117,50.3,59
19,73.3,192.4,143,56.4,55
42,50.7,185.3,61,56.6,46
56,54.1,174.5,173,42.2,67
26,62.9,162.9,84,34.1,68
39,51.4,194.2,70,48.9,62
21,81.6,178.9,60,56.2,48
43,71.3,161.1,107,32.2,59
46,77.4,163.5,172,46.7,56
51,58.7,190.2,107,33.4,47
40,64.8,152.2,69,30.8,76
54,83.2,199.6,140,50.4,80
28,98.3,156.5,89,50.5,65
23,52.5,189.8,94,48,50
35,94.5,169.7,173,55.8,46
38,78.8,174.6,78,32.4,53
59,78.2,194,169,33.2,56
53,75,170.6,112,55.9,68
58,53.5,176.9,93,45.1,58
55,54.5,152.5,91,38.2,56
51,80,150.1,135,52.1,71
34,67,162.2,166,56.8,54
54,95.9,184,140,50.7,46
42,70.3,156.1,65,53.8,75
55,57.2,155.7,174,38.5,72
29,85.7,170.5,72,38.7,60
40,64.7,182.4,162,55.9,45
59,76.3,185.6,145,48.4,66
39,84.9,158.9,134,37,45
38,95,154,123,45.7,75
44,89.6,197,66,50.6,66
48,83.8,163,104,36.6,78
23,84,192.7,104,49.6,56
44,97.3,193.2,144,31.3,67
57,64.8,188.6,124,39.1,72
51,50.1,158.4,153,50.2,56
29,63.6,191.1,78,34.5,71
24,60.9,188.5,174,36.7,67
27,83.1,179.8,178,56.4,45
34,81.7,166.9,106,50.2,46
43,79.7,163.1,105,45,75
38,50.8,156.1,88,36.3,46
45,86.4,175.5,158,40.2,69
19,66.2,179.3,176,47.2,82
18,83.3,168,143,34.7,63
53,77.8,173.8,159,44.5,72
43,67.1,168.2,120,42.3,50
46,56.7,182.1,162,44.3,83
38,54.7,195.1,124,33.2,63
28,91.6,158.2,82,33.2,61
57,95.9,169.1,154,58.9,50
28,82.5,157,179,59.4,59
53,55.2,181.2,110,42.8,66
56,70.1,186.4,122,53.7,78
57,86.4,196.6,158,49.7,49
52,89,163.9,175,33.5,67
51,55.9,197.5,170,38.9,49
41,50,153.2,168,39.4,54
39,85.6,180.2,81,47.9,48
22,67.8,152.9,169,47.4,56
50,62.7,194.7,130,57.7,54
53,50.6,176.5,92,53.7,74
37,77,183.5,168,55.7,68
36,92.6,191.6,159,56.7,49
52,97.9,157.5,103,54,57
34,78.3,151.9,66,40,80
51,75.7,193.9,150,36.5,53
26,54.3,165.7,61,47.2,62
43,77.4,156.4,76,50.7,79
19,69,173.4,124,41.6,75
26,80.4,179.9,117,55.5,68
26,69.4,151.5,169,58.8,48
57,62,163.7,89,47.1,70
34,54.7,151.6,145,43.7,54
18,65.7,171,151,55.3,53
42,54.8,194.8,176,30.7,45
57,58.8,199.1,156,33.9,60
59,99.4,181.9,85,55.4,57
42,72.2,158.1,94,52,82
56,76.6,195.3,122,42.5,58
52,93.7,175.8,134,56.7,84
20,99.8,157.7,130,40.5,67
54,79.1,196.1,87,49,62
47,90.6,187.9,84,49,72
55,66.3,186.6,120,35.5,64
51,65.3,185.5,164,38.5,45
29,70.1,160,90,57.5,56
36,83.6,160.6,113,35.5,71
54,84.1,184.4,126,35.2,57
34,65.8,161,156,44.4,48
27,56.7,171.9,110,32.8,69
29,81.6,189.1,117,56.8,50
33,56.4,189.2,93,33,66
41,78.9,172.7,118,48.5,82
36,84.7,189.6,80,40.2,80
25,85,191.9,115,54.1,47
48,87.7,182.7,96,47.7,59
38,93.6,161.4,123,41.6,55
34,75,163.7,172,59.5,78
40,86.5,165.7,78,32,71
54,81,155.8,160,47.3,67
33,59.3,163.7,178,59.7,61
23,51.3,160.5,144,50.7,67
25,64.2,172.8,137,52.2,78
42,72.2,195.4,133,31,65
35,80.9,155.2,112,30.6,77
42,92.5,186,130,31.1,49
29,59.8,184.4,152,59.8,61
32,56.3,154.8,122,59.4,45
43,98.2,196.1,163,40,51
58,55.4,178.4,121,38.7,47
43,73.9,168.2,131,34.4,70
49,79.3,187.8,162,39.9,60
27,77.1,162.9,136,41.1,60
33,54.3,184.7,169,52.4,58
24,52.9,152,78,56,70
34,55.3,192,134,52.4,71
40,79.3,172.4,61,49.4,61
43,77.2,181.8,172,53,48
38,61.7,161.1,65,52.2,61
39,81.9,183.9,88,44.3,77
24,91,188.6,100,40.1,74
31,52.1,173.7,110,38.5,65
32,74.9,180.9,64,50.4,61
24,84.5,172.8,100,58.8,55
26,62.6,194.7,121,47.4,74
25,65.4,174.9,89,57.4,62
40,80.7,192.1,162,30.4,64
46,94.9,190.1,121,53.8,78
35,90.5,170.5,159,55.6,72
48,79.2,161.5,86,48.9,53
47,86.5,170.3,109,58,75
56,68.2,191.3,141,47.7,60
52,82,161.4,111,37.2,75
35,73.3,176.2,108,36.5,73
59,59.5,190.3,121,46.7,57
56,85.1,167.7,159,57.2,67
34,77.8,182.1,119,32.2,58
31,67.9,162.3,177,48.1,83
48,95.6,155.5,139,53.1,46
41,51,189.7,113,33.5,56
52,65.8,154.9,178,33.5,72
51,52.8,163.6,64,41,76
20,88.3,192.8,68,38.2,68
54,85.1,167.3,93,35.9,81
57,66.6,198.7,157,36,73
43,83.8,199,95,33.9,62
40,69.8,163.4,154,48.3,47
56,87.8,152,175,50.6,57
32,72.7,185.3,79,51.1,57
21,70.6,172.5,140,46,73
46,96.7,155,143,58.6,46
39,62.5,185.4,151,56.4,72
42,56,151.6,144,58.7,48
30,79.2,193.5,142,41.7,49
35,98.5,156.9,122,56.3,83
50,68.9,156.4,126,52.9,49
33,53.1,158.8,89,40.2,52
59,67,198,128,33.2,78
19,75.3,184.7,165,50.5,69
52,58.1,190.1,129,34.1,71
59,82.9,169.9,62,38.8,51
51,99.9,166.8,108,45,80
47,72.6,161.7,101,50.4,76
30,67.7,174,83,57.8,65
30,70,177.6,103,47.8,62
35,55.8,181.6,60,50.1,46
49,94.2,162.9,173,39.3,49
49,70.7,197.4,174,50.6,82
52,69.4,158.5,113,43.1,72
56,83,198.3,111,55.7,75
46,72.1,150.7,95,41.8,68
46,82.4,174.1,138,44,77
33,53.1,166.7,164,43,83
27,90.7,172.5,97,54.3,56
47,97,178.5,103,58.6,83
42,82.4,171.8,141,39.8,53
56,97.7,170.7,146,44.3,59
37,57.6,186.6,106,51.2,67
22,73.9,184.3,88,56.9,66
18,80.1,191.7,110,44.8,80
47,79.1,162.5,100,33.3,54
20,70.1,180.5,145,41.1,72
31,66.9,179.3,123,46.5,79
47,56.3,168.5,147,42.5,73
21,69.6,174.3,168,35.6,49
35,58.1,165.7,107,31.1,48
54,86.7,157.1,136,50.6,59
42,60.4,160.7,156,59.8,74
18,52.9,155.3,173,57.6,70
32,77.6,184.2,81,50.5,67
26,79.8,183,158,55.2,83
32,93.6,197.5,76,37.7,73
41,78.8,186.5,145,48.7,66
21,67.3,152.6,64,31.8,79
29,90.2,194.2,120,51.2,62
54,77,193.1,148,59.1,79
54,54,172.2,65,55.8,77
23,78.3,179.3,112,46,51
56,95.4,198.8,140,53.7,78
41,69.8,176.6,154,58.3,54
28,64.8,195.3,76,36.5,68
30,57.2,154.2,118,53.8,69
51,57.6,159.6,156,38.1,71
42,71.6,172,98,56.3,50
24,79.8,179.2,113,33,52
21,54,190.8,107,35.3,65
25,97,199.4,96,51.6,63
37,87.8,169.4,107,35.2,78
46,79.3,152.4,127,34.7,83
27,91.4,190.1,166,46.7,67
51,54,180.2,137,55,57
43,73.8,159.9,136,38.1,83
58,81.5,174.7,86,55.2,72
20,91.4,187.1,147,54.2,50
23,89.2,188.5,86,47.4,56
22,63.9,175,131,49.4,47
22,97,165.3,176,31.2,64
40,56.2,198.7,122,41,52
26,93.8,183.2,111,37.9,70
52,98.5,170.4,106,34.5,82
37,58.9,164,173,41.7,72
59,86.1,186.6,162,40.6,79
52,52,162.1,80,51.9,82
35,70.3,158.6,174,47.9,46
34,75.8,176.5,116,57.4,51
41,79,164.5,164,34.4,69
20,96.8,181.4,134,31.8,76
49,83.6,155.9,154,46,56
52,74.1,182.7,150,30,55
55,90.5,164.2,101,53.6,54
30,97.5,150,169,45.2,79
42,51.1,156.3,107,44.6,48
26,99.1,196.7,86,40.9,46
21,54.3,193.4,131,41.2,72
31,90.7,161.7,92,42.9,58
54,64,188.9,135,30.5,73
51,56.6,180.4,94,32.5,46
28,72,198.5,157,45.2,78
58,82.2,168.7,75,34.5,77
20,69,184.1,95,53.4,64
45,52.7,153.2,125,38.2,74
46,80,169.8,135,32.9,70
26,95.1,198.2,150,37.1,64
20,69.2,176.9,115,40.7,45
42,60.8,164.4,76,31.1,45
51,72.1,156,79,34.3,69
29,52.4,185.2,144,39.7,77
59,91,182.2,153,39.3,67
26,91.3,168.7,165,54,55
32,79.4,197.5,143,55.3,59
57,67.7,151.1,67,35.8,58
42,90,165.2,77,33.7,45
22,77.7,196.1,77,49,77
28,91.3,166,77,54.1,50
51,81.6,162.6,61,58.9,67
41,89.2,176.7,135,30.2,70
32,79.9,191.2,155,42.4,47
55,70.7,155.2,165,52,50
25,97.9,197.2,131,54.9,84
22,77.1,189.8,110,31.9,69
43,80.3,159.1,69,50.4,61
35,61,185.6,134,38.7,72
23,81.3,169.2,73,32.2,76
54,78.6,170.1,85,44.7,73
30,59.2,189.2,106,34.7,67
45,53,198.1,89,52.1,60
22,80.2,156.3,115,52.2,76
30,88.2,171,178,55.3,70
34,76.2,174,101,41.3,77
57,61.3,168.8,63,30.4,63
49,83.3,168.2,162,37.8,61
46,54,152.6,70,44,82
20,72.1,184.3,83,50.8,58
57,58.2,171.8,177,41.5,62
51,59.2,159.7,145,46.1,65
57,60.1,190.8,126,45.7,83
44,69.3,190.1,96,34.9,83
30,52.6,174.3,61,48.7,72
50,69.9,164.9,71,43.2,64
23,75.6,181.9,80,54.2,50
41,74.2,164.4,128,50.7,70
36,69.1,161.8,130,33.3,50
33,92,186.5,123,44.7,83
57,57.3,152,127,51.1,70
45,75.3,154.7,102,32.6,61
50,53.1,150.3,113,53.8,84
58,53.6,157.6,164,36.7,46
30,78.7,153.4,159,45.1,65
42,78.3,199.8,121,58.2,51
59,93.9,164.4,145,47.1,64
53,77.9,157.5,152,42.7,47
44,98,162,132,30.2,80
55,52.4,196.8,149,34,63
24,54.9,176,71,47.4,74
22,52.2,168.2,171,44.8,55
48,59.3,193.7,60,40.9,57
40,77.1,169.7,131,57.7,77
59,82.3,166.8,92,40,82
27,52.3,160.4,123,46.1,46
49,97.3,168.9,175,47.1,67
47,92.1,165.8,174,45.8,64
56,64.8,183.9,127,44.3,74
48,53.9,164.5,73,40.1,59
35,58.5,178.9,178,57.3,46
53,56.3,153.3,152,43.5,74
19,56.2,159.6,73,45.9,69
31,75.9,170.4,68,49.7,48
30,62.3,196.8,132,32,45
46,67.9,168.9,85,53.4,52
29,99.5,183.2,108,45.4,58
56,84.2,162.8,170,49.7,55
19,97.4,156.4,165,53.2,68
49,57.1,152.9,76,56.2,68
30,69.1,165.3,164,41.8,76
44,77.7,157.9,127,54.3,69
58,53.8,158.7,119,37.8,72
34,50.2,188,169,49.8,60
57,83.5,150.8,62,33.1,83
48,82.1,177.9,152,30.6,60
51,70.5,169,84,32.9,80
41,74.5,175.3,80,39.6,56
52,70.8,178.1,71,30.9,56
23,51.2,165.7,113,48.9,78
36,66.8,164.8,60,39.5,82
47,58.9,186.7,60,52.1,64
24,54.9,193.6,104,31.4,59
27,97.8,159.6,105,36.5,66
58,80,154.9,107,42.2,60
49,86.4,194.9,66,41.5,68
51,65.8,167.5,69,33.9,47
45,69.7,177.6,74,59.8,45
32,61.8,168,99,38.5,82
47,54.8,156.3,70,51.6,61
54,59,179.5,115,36.6,65
46,89.9,176.3,105,56.3,57
39,83.9,160.1,104,41.6,46
21,77.3,172.6,146,57,46
37,73.8,189.8,72,40.3,69
49,96.1,179.5,86,30.3,72
53,53.6,154.8,164,45.5,70
21,64,177.4,140,45.7,79
44,67.5,185.1,109,33.6,72
34,89.1,189.6,120,37,77
29,99.6,181.5,174,53.5,62
39,62,157.6,72,31.1,58
34,93.7,185.5,71,44.7,53
27,91.5,183.9,88,45.9,74
18,61.2,151.2,144,50.7,47
39,70,170.6,143,31.1,78
43,70.5,166.6,79,47.6,77
35,98.9,183.5,90,30.1,71
31,59,160.8,67,38,53
46,90,179.5,83,45,57
29,66.7,195.7,134,57.3,74
53,86.5,189.9,98,33.8,60
52,71,196.1,92,35.1,70
29,78.9,198.9,101,50.1,49
24,91.6,150.5,74,41.2,71
46,90.2,181.1,127,48.7,59
28,93.3,170.6,124,59.9,72
50,53,193,91,59.6,47
23,84.6,162.6,70,40.6,45
32,57,199.1,153,45.1,45
49,70.8,180.7,96,57.1,50
28,77.4,189.7,78,32.8,55
40,70.1,154.3,110,43.6,60
43,76,159.2,159,41.3,77
51,99.8,187.9,93,38.8,68
51,56.8,151.1,130,59.8,76
46,83.8,190.8,119,52,54
21,69.8,150.7,168,41.7,69
34,56.7,182.9,143,54.9,54
52,57.9,168.3,112,44.7,57
30,97.5,180.6,71,56.2,45
58,94,184.8,121,38,79
56,95.4,167.1,155,36.7,58
32,99.6,155.4,125,37.4,65
46,60.4,153.5,145,46.2,82
46,67.8,179.4,164,38.7,45
28,83.5,176,107,34.4,64
49,74.2,187.1,99,59.8,49
19,70.9,175.5,83,57,84
31,67.9,171.1,109,49.1,76
37,79.7,169.9,154,56.7,45
39,78.8,151.3,127,58.1,84
28,58.1,166.8,147,50.3,46
44,73.6,198.8,102,45.6,75
20,77.7,193.7,76,56.5,70
34,78.5,166.5,163,47,53
45,60.5,179.4,142,33.8,74
46,87.1,192.4,163,41,52
38,51.3,172.1,161,43.4,49
33,67.7,150.9,114,58.1,83
54,89,153.7,93,49.8,48
37,78.2,175.5,170,56.3,84
23,63.1,198.5,156,52.7,80
36,84.7,184.7,129,39.3,65
22,78.4,153.5,119,51.6,77
20,89.8,159.5,110,35.9,70
18,86.8,188.6,159,42.2,84
55,80.5,192.1,136,54.2,83
32,74.4,180.9,170,48.4,55
51,56.7,182.2,132,54.8,65
52,63.1,151.4,94,37.6,66
42,71,191.4,93,52.5,81
41,80,189.4,75,36.1,51
29,75.7,163,141,46.4,57
35,64.4,185.4,77,43,64
32,50.3,160.7,97,46.7,59
33,74.8,152,173,34.1,82
44,64.3,160.1,102,40.8,78
25,86.7,158.9,91,50,80
42,51.2,166.9,66,46.8,69
34,79.2,170.9,146,46.5,73
46,97.1,175.4,146,45.3,72
25,58.7,173.8,105,58.3,58
32,73.6,163.5,120,58,48
44,54.6,151.5,77,40.8,82
24,81.3,180.3,130,40.6,51
20,77.5,169.8,165,46.6,57
46,70.4,164.9,99,32.9,61
41,76.1,193.3,147,39.1,73
20,94.8,187.3,137,36.9,61
37,59.8,192.9,109,36.7,80
32,51.1,174.7,64,49.2,63
42,93.1,156.5,169,41.5,70
47,78.9,184.8,113,35.1,53
31,94.5,160.3,145,56.6,46
24,79.8,172.1,117,56.2,64
34,90.5,153.3,81,55.9,67
37,71.5,191.3,133,41.7,62
53,87.5,156.3,149,31.7,70
26,95.7,195.2,138,33.2,69
55,78.6,193.2,97,38.3,61
39,59,173.2,164,36.6,83
19,63.4,187.2,165,56.2,54
41,59.9,181,178,59.6,69
25,62.3,190.2,108,54.5,72
28,65.3,171.6,60,51.9,70
30,77.8,189.3,137,47.7,56
34,79.4,173.1,95,53.1,63
25,71.3,197,154,58.4,67
38,80.8,174.3,87,48,58
35,54.1,173.1,157,34.6,61
47,54.4,189.3,94,34.9,59
35,58.6,191.1,119,47.5,65
48,75.9,177.7,162,40,82
55,60.7,159,121,57.3,74
49,64.2,173.4,146,48.3,63
28,70,198.4,105,50.3,76
42,90.6,187.6,167,30.2,73
50,50.7,190.6,142,45,66
55,82.5,151.6,141,42.9,64
58,83.4,173.4,138,51.2,82
25,89.9,182.3,120,41.5,82
28,96.6,191.5,124,59.3,80
39,51,152.5,148,50.1,45
41,57.7,192.6,85,49.8,63
58,94.3,177.4,94,57.6,70
34,72.9,159.9,116,59.9,51
29,78.2,165.9,138,35.9,78
49,83.2,164.1,122,54.3,80
32,84,176.5,63,34.9,50
33,96.6,152.6,138,43.7,81
39,99.8,157.9,101,33,66
45,86,190.6,161,48.7,53
37,64.4,156.6,104,44.1,73
50,94,161.7,98,48.9,61
27,52.5,172.7,177,50.3,57
57,61.6,175.9,124,48.6,61
49,94.9,188.2,81,38.8,54
50,62.8,172.4,70,55.1,69
19,61,189.5,169,46.6,62
50,56.9,180.9,161,44.7,59
50,93,155.7,96,59.6,71
58,75,157.8,174,38.5,63
30,83.7,171.9,149,45.8,59
47,62,169.8,110,50.5,51
50,87.9,187.2,150,33.8,84
30,88,179,117,40.6,60
43,65.6,169.4,136,54.1,68
39,70.5,158.5,66,37.1,67
56,60.5,161.3,67,44.8,55
19,98.8,178.8,169,48.9,68
55,82.3,171.2,110,50.1,49
56,96.7,175.7,174,51.8,83
43,65.2,158.5,82,56,74
32,89.1,183.1,149,41.8,60
51,88.3,192.6,167,51.2,64
59,84.6,162.9,178,52,73
57,98.3,174.6,150,39,61
28,69.7,198.8,68,59,63
20,56.5,166.7,105,56,70
23,83.6,179.8,97,38.7,59
26,86.5,154.5,170,50.3,69
23,78.8,180.3,72,51.5,59
26,60.3,154.5,66,42.9,64
56,75.2,198,70,55.9,74
48,65.6,185.8,133,50.7,65
49,71.4,189.4,156,49.7,79
58,82.3,185.2,162,36.6,50
29,87.3,179.5,109,42.2,81
25,61.6,172.5,178,43,55
25,70.3,192.9,126,52,67
45,63.5,197.8,100,48.6,83
37,59.9,175,88,32.6,53
24,89.2,196.6,96,39.2,62
28,95.5,179.2,178,44.2,80
37,68.5,176.9,115,52.1,84
33,87.6,172.7,168,52.3,80
21,94.8,160.5,139,44.7,72
23,92.3,150.2,75,33.5,63
39,59.1,162.1,103,38.8,74
43,97.8,175.5,109,37.6,82
20,68.8,169,166,53.4,59
58,67,172.4,172,35.4,56
59,53.1,199,130,43.9,46
31,74.3,167.5,138,50.1,53
28,55.5,172.6,161,58.9,79
35,62.4,156.7,65,60,45
29,65.8,152.4,77,58.6,75
40,90.4,188.8,78,51.5,72
29,93.8,178.5,175,52.4,81
30,65.1,188,110,52.8,51
42,92.9,157.5,125,55.9,60
36,92.9,178.6,62,58.6,58
53,88.2,162.7,169,43.4,77
25,57.3,161.4,177,42.5,50
46,84.5,150.6,148,43.8,65
49,97.3,156.5,159,49.8,54
35,84.1,165.5,113,53.3,76
23,66.6,155.8,108,56.1,50
35,75,199.3,87,43.7,46
36,82.3,165.4,97,40.9,83
39,75.5,156.5,87,59.5,71
54,56,160,91,37,58
49,65.6,179.4,174,36.7,67
58,90.1,153.2,100,51.5,83
20,93.1,193.1,95,35.4,65
45,56.9,198.1,162,42,74
27,97.6,162.3,95,38.8,69
52,66.4,172.5,166,35.1,68
46,83.1,151.1,177,47.4,55
32,87.6,182,146,41.2,79
50,90.6,170.7,125,43.9,48
24,97.3,163.5,69,35.9,81
29,65.6,160.3,129,53,80
47,92.9,182.7,131,39.4,57
38,56.6,170.8,138,40.3,53
48,85.3,159,168,37.6,72
41,87.1,184.5,152,43,60
37,83.9,178.3,122,43.9,50
54,62.6,192.9,151,45.9,71
21,93.7,155.9,81,59,54
45,58.4,189.3,157,57.1,67
37,52.7,183.7,79,48.3,65
41,85.9,155.8,92,31.2,70
49,73.8,184.7,74,48.4,47
58,92.5,172.1,66,32.7,79
53,69.2,197.2,147,51.3,51
51,58.4,157.1,149,41.7,71
53,91.8,182.1,109,55.1,77
19,77.4,169.1,69,58.3,48
32,59.5,197.8,138,42.5,70
51,86,166.5,96,43.8,52
53,75.6,198.1,118,47.7,64
23,80.2,195.1,147,35.9,61
56,73,163.5,134,57.8,49
59,91.4,190.2,163,43,53
29,91.5,199.8,122,35,52
20,85.5,162.6,80,52.9,51
35,55.3,171.8,163,36.6,81
57,91.9,176,161,34.3,80
38,83.6,164.7,138,46.9,47
32,84.9,150.8,138,50.1,52
50,68.1,161,96,47.1,49
52,94,164.1,104,49.7,49
43,86.3,172.2,73,33.5,61
25,55.6,158.6,102,44.3,71
53,70.4,193.7,175,40.7,84
47,94.3,185.2,144,59.2,83
40,52.4,154.3,167,31.5,56
59,98.1,182.5,143,38.9,72
31,84,182.7,92,58.3,48
31,81.6,197.8,62,59.5,72
19,63.5,150.2,163,54.7,69
54,62.4,162.4,146,32.3,80
22,97.1,196.4,103,46.8,47
55,64.9,196.6,170,42,75
58,88.8,186,146,54.2,81
31,69.7,188.3,150,31.7,56
56,57,154.6,94,35.9,81
42,50.5,175.7,84,44.7,81
37,77.2,161.6,155,34.7,48
19,98.8,159.1,145,50.8,74
56,68.5,190.5,67,54.6,82
23,67.9,156.8,179,51.1,82
34,67.2,173.4,174,43.2,71
42,76,196.9,175,56.4,66
45,72,159.3,121,34.1,45
19,94,198.9,161,37.8,82
52,75.3,199.7,77,44.7,64
54,75.4,177.8,151,31.8,62
22,56.9,158.5,87,32.9,50
18,99.1,165.8,134,41.9,56
57,62.5,171.2,71,58.3,61
29,53.7,165.5,123,57.3,66
53,83.2,164,178,44,62
40,79.8,198.6,61,34.3,54
48,70.8,157.7,118,35.3,68
28,71.1,186.7,96,41.3,64
27,89.3,150,63,36.3,56
20,59.8,179.8,100,32.5,48
31,91,195.8,104,50.2,49
33,82.4,164.4,168,47.4,70
27,70.9,159.3,170,38.7,80
46,72.9,182.6,93,53.4,60
27,62.8,185.6,146,53.3,49
29,87.6,184.4,72,44.7,70
47,75.6,166,66,32.9,63
58,66,162.6,91,57.6,50
18,79.8,197.8,82,50.1,68
22,99.8,196.2,108,37.4,75
37,71.8,172.9,131,48.3,75
25,96,192.3,173,42.2,51
29,67.3,172.6,170,49.1,54
18,52.7,171.2,106,44.2,83
37,60.2,157.8,96,44.6,66
45,70.9,171.3,157,52.1,58
54,61,176.9,107,48.4,72
54,50,151.1,88,32.4,66
29,95.8,172.2,96,32,76
54,92.2,189.1,82,39.2,55
45,87.1,184,97,42.9,58
32,58.4,181.8,152,38.3,75
23,56,195.5,103,49.5,48
37,53.4,150.9,64,35.9,66
31,86.2,177.9,111,51.1,73
19,96.4,189.4,99,53.2,79
26,71.5,177.1,70,33.7,57
54,56,166.2,137,49.5,64
37,75.6,156.8,179,58.8,63
43,67.4,194.4,172,35.8,59
46,68.7,173.5,165,57.3,70
18,81.1,193.9,61,48.2,64
52,85.9,179.3,94,47.7,80
23,55.5,183.7,104,31.6,50
54,51.8,190.2,108,52.4,59
22,99.7,183,94,44.3,48
50,61.6,169.9,165,51.6,50
31,52.7,175.7,151,54.3,46
29,59.5,190.2,131,45.7,80
59,51.9,168.7,91,37.9,59
37,69.6,169.4,127,34.2,56
41,90.1,154.8,168,34.8,84
51,67.1,195.7,130,56,51
42,72.2,154.6,98,33.7,66
46,83.8,182.4,107,41.5,52
56,75.4,170.7,150,40,55
48,93.1,170.3,96,56,46
40,93.3,184,119,44.3,74
55,50.5,153.4,140,59.9,48
37,88.9,179.7,133,52.1,69
40,73,188.6,63,55.5,65
33,99.4,191.4,82,33,69
59,74.2,158.5,73,37.6,53
25,99.3,194.9,64,34.1,52
38,87.7,182.8,125,43.9,49
18,62.4,194.1,169,51.5,72
25,76.9,174.3,83,35.1,46
46,99.6,177.1,77,33.9,65
49,92.9,196,86,48.4,52
55,54.9,195,83,36.9,78
22,85.3,172.4,88,44.4,67
39,67.3,163.7,70,31.5,59
51,50.3,169.7,171,50.4,71
18,70.2,169.4,77,46.2,46
43,61.7,164.3,171,49.4,72
27,90.9,163.4,176,38.3,55
47,66.9,193.1,63,38.4,65
35,91.4,153.5,92,54,76
34,50,183.9,137,51.6,76
43,65.4,158.6,167,47.4,51
25,62.1,167.2,179,48.8,66
57,61.7,153.1,101,32.8,58
29,53.4,163.5,91,55.7,57
44,59.4,188.4,110,53.1,65
25,77.8,194.3,63,47.7,66
42,64.6,161.1,79,57.6,78
21,70.9,173.2,144,35.1,54
50,68.8,173.5,126,50.6,45
18,93.8,193.7,148,58.9,45
36,95.3,188.1,127,39.3,68
48,74.6,175.7,121,30.5,47
33,66.5,183.5,117,52,75
31,55.3,192.4,106,30.2,57
22,97.7,150.5,134,56.2,48
58,53,170.1,139,31.7,67
43,64.9,195.4,118,49.6,50
45,64.9,187,159,41.3,78
19,66,177.1,65,36.1,62
23,58.2,176.5,154,56.9,80
26,89.2,167.4,99,52.4,70
50,56.1,176,136,40.2,77
58,81.7,182.8,82,38.5,77
42,56.2,170.9,111,52.1,69
30,53.5,185.7,63,55.1,61
26,95.5,193.1,96,51.5,47
30,59.5,157.7,101,49.2,66
48,91.1,172.6,160,36.8,79
58,77.2,170.4,103,55.6,48
28,53.9,184.4,156,52.5,72
21,97.8,162.5,179,45.5,57
51,62.3,182,101,45.3,74
55,93,193.9,88,47.1,56
21,58.4,170.9,160,54.8,47
55,92.7,195.6,78,52.3,65
36,50.7,199.7,174,55.7,84
23,75.6,155.3,143,45.2,45
51,88.5,161.7,91,48.7,62
35,96.7,197.5,103,55.6,57
30,95.5,197.9,114,37,51
58,91,154.9,139,43.3,57
40,94.4,150.7,64,48.6,61
36,60,158.1,172,57.5,76
28,64.2,199.8,105,30.5,73
18,64.4,159,135,36.4,74
41,68.9,175.1,104,37,55
24,69.7,192.4,80,39.8,58
42,77.2,151,137,38.5,54
38,58,180.2,160,47.7,52
32,84.6,163.9,81,56.6,75
18,58.4,193.1,89,49.1,50
29,65.5,164.2,82,37.2,63
24,75.2,184.3,64,55.9,63
32,89.8,183.7,122,49,56
38,87,161.1,152,36.6,83
36,82.3,151.7,118,40.8,62
46,57.8,170.5,153,53.7,47
42,77.4,164.5,141,52.2,53
50,54.4,190.4,169,47.3,50
49,68.9,190,173,34.3,45
52,70.7,172.9,111,54.1,84
55,52,180.3,124,39.2,73
43,63.7,180.2,98,53.1,79
28,97.8,191.4,140,49.4,79
52,97.7,171.3,62,37.9,74
25,67.6,163.8,101,36.4,79
31,52.2,163.3,130,33.9,83
27,59,176.8,86,37.3,66
19,69.6,172.5,87,34.7,72
26,97.4,172,167,48.5,62
20,57.1,154.6,113,48,76
38,88.2,185.9,154,47.6,49
43,55.4,160.7,74,49.3,78
25,99.1,159.8,178,54.4,75
19,69.1,170.6,112,57.4,77
23,88.8,161.4,171,36.9,48
45,67.1,179.2,131,47.6,58
46,81.4,168.6,129,32.4,59
43,59.6,172.4,151,33.6,64
42,57.3,176.9,63,49.6,64
29,96.9,160.2,153,44.6,79
22,95.9,157.8,166,52.7,48
51,94.4,194,76,42.8,62
54,81.3,171.7,93,33.8,68
32,90.4,170.6,65,56.2,71
53,53.5,151.8,95,32.5,77
32,66.7,174.9,158,35.7,69
40,65.7,177.7,162,38.3,49
23,81.8,177.9,98,59.9,62
38,67.8,185.4,139,42.5,64
40,57.4,158.9,125,45.1,79
33,79.8,162.6,67,53.1,50
32,90.7,190.5,74,49.1,71
42,69.1,197.4,122,55.2,72
53,56.6,156.8,150,44.6,55
28,59.8,174.9,139,59.2,53
32,61.9,160.7,124,53.9,72
21,65,153,118,42,63
38,82.1,166.3,69,41.4,83
30,80,157.2,66,57.9,65
39,84.8,185.5,171,50.5,75
36,68.1,176.7,133,48.6,51
51,91.2,157.2,135,52.7,81
31,60.2,150.5,140,46.8,69
21,73.5,190.4,168,34.8,72
44,90,158.8,71,39.6,80
46,59,180.3,138,46.7,61
45,55.5,166.8,105,30.5,70
52,94.2,179.3,174,43.1,72
25,67.1,165.8,91,52.7,81
33,84.2,154.3,91,34.9,61
59,51.3,161.1,174,31.9,61
53,84.5,159.4,149,55.1,77
47,65.8,171.4,137,48.5,78
35,52.8,182.9,173,35.3,67
19,80.5,163.2,149,54.2,74
30,62,150.6,120,49.7,71
21,69.3,175.9,128,40,53
43,54,180.3,175,41.3,64
42,57.4,198.1,120,34.7,67
47,64.9,179.5,161,55.1,63
28,54.5,173.6,173,45.3,81
24,95.5,178.7,105,46.7,48
48,50.3,196.4,127,56.5,57
27,74.2,191.4,151,30.5,82
56,56.2,166.1,114,32,56
30,65.4,161.9,60,34.8,53
48,96.3,163.1,136,30.9,59
24,58.1,175.2,166,49.7,65
59,98.3,187.2,126,49,59
59,60.3,175.2,108,36.3,49
53,87.1,153.4,173,34.5,49
37,77.3,186.2,84,34.4,69
21,94.2,190.3,165,58.6,68
24,77.7,164.5,75,50.8,81
18,76.7,183.2,144,47.6,75
59,59.8,171.3,72,39.7,78
30,58.3,194.5,111,43,58
39,95.8,192.3,167,32.7,71
38,66.4,176.3,95,59.9,48
39,68.6,184.6,131,52.7,67
45,88,194.2,103,48.6,82
26,66.9,174.8,142,47.6,49
43,97.6,165.7,106,45.1,71
26,86.9,187.7,139,37.7,58
32,79.9,161,135,36.8,51
27,94,169.4,79,46.5,62
41,52.5,193.3,77,32.1,76
59,62.9,186.2,113,32.2,46
25,73.3,170.2,71,46.8,64
41,61.3,160.7,171,57.6,73
33,87.2,167.8,84,57.4,70
43,96,164.2,119,30.3,82
44,71.2,158.8,175,33.2,45
54,67.1,187.2,134,47.5,49
21,98.1,162.6,145,55.5,58
41,72.2,172.7,175,58.6,69
36,74.5,169.3,169,55.8,53
53,67.6,199.1,93,50.3,74
56,95.5,169.6,72,36,63
27,78.4,154,169,32.2,84
42,88.1,154.5,97,31.4,52
35,90.6,179.5,71,48.4,60
36,67.1,180,162,31.1,52
53,71.7,170.9,95,52.2,67
27,92.4,171.6,87,51.4,53
50,68.2,152.7,150,32.4,76
22,89.7,175.8,98,57.2,81
52,97,175.2,136,45.7,78
51,81.2,157.5,102,57.1,62
50,87.1,155.2,163,57,59
38,90.3,156.2,150,35.9,59
34,92.3,155.1,174,41.4,73
39,69.8,180.5,90,34,67
54,52.6,159.8,61,53.2,67
32,70.1,162.6,176,45.1,45
52,83.7,158.7,141,57.9,66
45,72.5,197.9,149,36.2,51
24,87.4,192.7,176,50.7,76
49,67.8,161.5,101,59.7,72
28,81.7,166.4,90,50,76
27,59.3,160.5,120,32.1,77
26,87.5,174.6,161,47.7,57
31,77.3,151,115,35.4,72
30,60.2,183.6,145,30.9,53
42,64.6,176.2,159,40,47
19,87.4,194.9,142,38,61
52,74.1,158.2,73,53.7,78
24,60.8,190.2,73,41.2,76
38,98.4,189.6,173,52,53
35,85.8,156.4,88,30.5,45
20,97.9,169.9,140,30.4,64
59,71.4,158.5,109,30.9,49
56,73.8,162.7,109,36.6,84
58,94.9,163.2,122,41.2,65
28,76.3,177.8,160,48.2,49
56,85.4,170.6,132,59.6,48
41,62.6,197.4,124,40.6,52
36,72.3,156.3,127,31.7,69
21,56.2,198.7,130,35.8,51
43,60.3,161.5,70,56.9,81
55,50,188.6,73,51,76
59,52,166.9,165,53.7,61
49,98.9,157.2,142,33.7,72
56,62.1,192.9,163,34,50
53,83.2,165.4,62,33.4,80
57,92,182.9,67,55.7,46
54,77.5,178.3,152,36.3,75
50,57.7,173.6,173,49.3,45
53,86.4,174.8,160,45.5,47
20,80,186.6,175,46.3,57
26,86.6,154.4,102,35.9,75
25,88.5,183.4,68,49.1,73
50,98.8,194.8,78,31.3,77
23,78.7,152.9,71,59.8,54
58,67.1,157,86,30.8,82
56,82.4,185.8,160,31.5,53
21,53.4,171.9,171,39.7,45
30,94.9,170.2,117,54.9,81
19,56,156.8,84,37.7,76
22,66.4,175.3,104,44.2,77
44,90.8,156.3,161,30.5,46
49,79.9,173.8,107,32.4,46
38,69.7,188.2,109,48.2,49
25,73.7,162.9,140,35.8,54
55,92.7,174,103,50.8,82
25,67,199.6,118,53.6,81
20,93.5,184.3,92,55.5,46
20,54.4,192.1,162,34,84
39,88.8,170.7,137,43.7,69
23,92.4,188.4,87,58.4,82
19,59.1,152,77,53.2,81
40,71.5,156.1,114,33.5,62
19,58.3,160.2,92,45.1,71
55,85.3,170.1,175,57.7,64
34,76.8,192.3,165,43.2,78
52,81.8,167.3,74,55.1,52
51,59.8,182.7,120,44.9,48
40,60.6,185.5,70,33.2,74
47,52.1,179.3,95,34.4,80
25,66.1,167.9,74,31.4,53
39,78,178.9,112,35.9,56
53,92.9,167.1,121,56.8,58
22,83.3,154.2,107,49.5,79
30,71.8,199.6,153,52.2,50
46,97.7,156.4,74,48.6,67
48,86,153.6,122,41.6,48
33,96.5,193.9,172,36.5,45
59,76.4,165.1,146,57.8,53
47,62.9,182.5,102,45.4,53
33,52.6,166.5,109,44.4,59
29,86.3,169.6,119,59.9,68
34,56.1,163.1,171,41.5,52
33,65.1,167.2,118,55.6,72
29,76.6,170.5,74,55.9,61
25,78.2,186,88,37,79
37,80,175.6,134,32.8,75
20,58.3,197.2,168,59.3,48
33,69,152.1,141,42.8,58
47,80.9,175.2,99,30.1,69
40,98.5,179.2,90,45,84
45,86.4,196,132,48.6,51
57,96.1,152.5,145,53.3,75
22,88.1,178.7,70,58.3,79
37,79.6,192.7,140,57.5,82
57,59.6,162.1,156,58.2,64
18,83.3,193.8,121,31,60
47,81.2,151,134,51.4,66
38,80.1,186.6,162,36.8,80
37,74.5,196.7,67,35.6,63
23,76.4,182.9,110,54,46
39,66.7,172,116,42.5,48
35,76,152.2,63,57.5,78
25,59.9,196,95,31.3,51
56,90.3,173.5,78,54.1,58
49,59.3,151.4,83,34.1,76
50,54.2,184.5,100,35.3,61
33,71.8,174.1,108,44.3,81
29,82.9,156.2,141,41.9,58
55,71.9,160.7,156,44.6,61
51,63.8,153.2,105,58.2,76
31,77.9,178.7,95,49.7,46
53,67.4,181.1,69,38.7,83
50,96.6,175.3,178,35.2,48
40,96.1,190.9,137,42.6,84
19,75.1,193.1,66,43.5,74
58,66.4,180.8,71,48,74
38,86.9,150.6,145,38,77
19,51.8,184.8,150,53,45
44,73.7,170.9,107,33,77
26,66.8,178.3,96,46.8,80
18,96,182.5,134,48.7,75
28,50.6,167.5,95,36.2,81
20,77.6,195.9,119,54.8,58
40,87,156.7,136,48.5,50
43,74.3,183.6,155,49.4,51
21,54.3,150.2,67,44.9,84
35,98.6,196.2,66,57.3,68
23,75.9,155.6,166,50.8,48
52,80.7,154.7,102,41.5,69
39,61.8,166.7,117,37.2,47
32,74.2,168.7,140,32.1,72
39,71.5,160.7,145,35,67
54,53.7,179.3,105,59.8,80
59,55.3,172.1,93,42.2,57
29,91.9,151.7,143,57,66
59,62,166,176,35.1,69
55,59.7,190.5,131,42.8,68
35,75.2,184.5,81,58.8,81
52,88.4,186.2,150,32.7,77
47,53.1,184.9,157,47.8,58
41,78.8,165.5,80,57.6,68
59,56,155,74,58.5,66
47,51.8,163.6,64,55.4,81
31,52.6,191.6,161,55.7,67
23,91.7,199,76,49.6,50
20,55.9,174.7,131,36.6,63
33,52.3,150.5,78,51.9,56
24,71.9,157,64,59.4,70
31,92.2,166.1,82,45.8,73
26,63.1,178.9,142,37.8,58
32,71.1,153.8,73,47.2,61
38,52,197.2,69,50.7,74
52,72.5,168.3,90,36.2,51
19,78.9,195.6,72,51.6,65
44,78.5,189,81,47.6,45
19,66.6,187.8,96,48.4,82
52,65.8,180.3,98,39.2,48
35,55.3,181.3,69,34.7,52
31,68.3,181.9,90,48.7,62
37,55,181.4,102,47.6,52
35,88.3,177.7,158,40.1,75
27,98.3,199.3,136,38.9,75
42,98.5,186.6,153,40.4,72
19,93.3,188.8,157,44.7,81
42,80,193.6,95,59.2,47
50,85,160.8,94,52.9,59
53,64.3,154.2,170,55.6,48
48,81.5,174.1,127,45.2,79
31,72.8,175.7,114,45.8,78
18,74.1,191.5,176,36.1,80
33,87.9,172.2,127,51.6,50
20,64.1,178.5,106,42.6,48
52,65.9,176.4,65,52.3,74
58,96.2,151.9,178,42.3,83
23,52.8,180.8,87,33.3,62
42,74.3,191.4,89,35.2,66
30,95.6,157.9,86,54.3,54
51,80.5,179.7,128,37.8,73
25,77.3,179.7,167,37.9,67
38,62.5,158.2,98,57.9,48
51,67.2,156.2,94,49.7,63
21,92.6,199,162,33.4,70
42,78,169.7,103,34.3,51
32,75.7,161.4,74,38.2,57
21,55,158.6,142,47.8,47
29,50.8,183.4,153,52.6,84
49,98.2,180.5,161,38.2,55
49,68.8,182.2,91,56.1,60
45,80.2,154.4,163,33.3,64
30,54,194.7,88,36.2,67
48,84.2,169.5,122,59.1,67
31,96.6,165.7,65,34,76
37,78.8,173.1,149,56.6,82
35,56.3,169.5,86,51.1,47
46,79.1,193.2,158,32.2,52
23,88.3,196.5,87,44.5,82
49,70.3,165.2,64,45.6,84
46,94,193.2,100,58,58
19,82.4,189.1,115,42.6,52
40,95,196.5,171,43.4,55
36,81.2,162.3,113,33.4,77
48,56.6,178.8,139,49.2,59
22,65.5,163.7,164,36.3,81
36,60.1,191.2,77,32.3,58
51,95.4,150.3,136,59.9,70
27,88,178.2,102,38.1,52
42,83.8,167,148,34.2,48
19,65,166.1,133,51,80
28,59.2,182.2,88,54.7,62
48,87.8,192.6,69,31.9,71
32,73.7,180.5,65,33.2,63
26,61.3,192.7,139,32.7,47
40,80.8,163.2,148,31.4,53
36,52,176,167,49.8,83
26,66.3,172.5,63,47.6,46
52,73.4,150.6,160,49.9,53
38,57.4,177.8,93,45.2,50
26,99.2,183.1,142,54.5,82
45,60.5,179.6,92,46.4,72
24,56.5,186.8,63,57.6,78
33,60.2,178.6,103,44.6,73
33,88.5,153.3,157,53.7,47
50,71.3,155.8,135,42.2,60
21,78.3,179.8,90,43.1,79
21,51.1,163.7,139,55.5,55
56,51.7,154,125,33.2,67
57,72.3,171.5,172,46.9,74
34,90.8,177.7,117,51.8,49
54,94.3,166.4,119,52.5,52
56,54.3,186,61,47.7,54
46,76.9,182.2,95,43.4,72
53,95.7,166.6,129,37.8,80
55,69.4,187.7,119,57.3,54
56,91.5,182.4,82,41.1,58
54,56.7,181.9,162,54,82
52,96.8,177.7,178,30.9,81
24,87.6,150.6,106,37,49
44,97.1,184.8,175,40.4,50
45,83.8,168.8,167,50.1,74
39,68.2,197.1,160,39.6,63
31,96.9,190.9,105,31.2,58
24,63.8,179.4,139,35.2,55
54,66.6,162.6,166,37.8,49
39,85,160.2,103,35.3,75
22,88.3,167,78,36.1,76
19,96.5,173.8,108,53.1,68
44,60.2,164.8,147,42.4,54
38,89.9,175.7,117,42.2,57
55,86.9,158.3,150,59,57
32,53.2,198.9,66,43.4,80
38,69.4,155.4,153,57.8,66
27,64.1,196.6,100,39,53
40,65.2,195.7,137,42,63
56,99.1,176.3,175,41.9,51
22,82.1,186.2,167,46.4,59
18,85.9,171.8,74,47.5,61
30,98.8,181.5,135,37.4,58
38,68.9,167,112,53.8,46
43,90.1,165.1,176,44.9,58
38,71.7,178.9,152,30.2,48
35,93.5,174.9,82,47.7,47
54,59,179,136,53.9,47
49,97.4,164.3,132,37.5,55
53,60.9,168.3,147,31.1,49
34,66.3,154.2,162,54.2,73
52,87.8,152.6,153,59.3,72
28,69.7,162.7,124,32.3,67
38,80.4,153.7,119,58.1,74
43,72.2,155.2,69,40.8,67
21,87.1,190.6,161,58.2,66
51,61.4,151.9,117,49.5,56
35,52.9,182.9,106,56.7,71
57,65,163.6,74,53.6,84
52,73.7,193.6,68,30.8,59
58,58.4,174.2,72,32,67
46,67.7,165.3,82,45.8,63
46,70,175.9,92,33.9,55
55,52.9,169.1,68,43.8,82
59,79.2,178.2,62,58.6,84
38,94.2,155.7,153,38.8,47
59,57.6,199.8,132,44.7,60
30,79.9,171.3,175,41.5,76
58,83.2,167.4,84,48.9,82
34,71,185.5,170,35.8,53
26,85.1,168.2,147,37.8,82
58,70.5,191.7,155,55.8,49
18,75.2,172.7,130,54.3,45
19,50.4,186,95,53.7,79
46,84.6,155.4,148,53.1,79
50,83.1,192.3,79,43.8,56
27,51.9,186.8,140,51.9,80
57,68.4,160.6,113,41.6,65
38,99,157.3,159,33,52
45,71,165.8,149,41.8,71
28,75.1,198.8,78,34.8,53
51,95.5,162.8,119,41.7,72
25,85.9,172.8,96,38.9,74
39,79.1,151.5,171,48,58
25,89.9,169.9,62,40.8,67
32,93.2,178.6,166,51.2,73
34,72.8,197.7,151,45.4,70
40,73.8,175.8,145,57.6,66
41,69.3,191,170,32.7,59
36,98.3,177.4,78,50.6,53
22,84.9,152,112,50.2,70
49,54.2,165.8,179,58.5,61
18,93.1,178.8,105,41.1,53
40,74,197.5,139,39.2,47
54,53.4,193,115,35.2,60
25,77.5,161.4,129,38,57
30,70.9,161,160,45.1,70
25,93.9,160.1,90,55.1,61
40,60.2,196.1,112,38.5,76
18,91.3,192.6,172,34.7,68
41,77.9,188.7,171,38.2,80
52,52.7,169.6,93,33,66
41,98.6,175.2,90,57.8,53
34,75.6,173.2,119,56.2,66
22,64.5,162.7,70,39.3,64
37,73.5,175.3,159,37.4,47
38,92.9,151.5,65,57.2,80
57,65.2,156.6,86,30.1,77
48,59.6,194.3,66,48,62
53,56.5,187.6,108,57.5,80
28,64.9,171.1,155,45.3,54
32,89,175.9,131,30.1,80
36,73.6,168.5,119,36.6,65
24,61.4,187,92,57.7,69
45,58.3,189.2,106,30.5,84
22,66.6,188.2,175,41.8,53
22,97,186.1,103,53.7,71
47,67.2,160.2,138,55.1,59
49,99.4,166.9,178,44.3,76
25,74.3,173.5,86,37,83
27,59,166.5,153,48,60
55,94.6,187.7,81,37.9,72
49,73,166.5,106,37.7,50
45,85.5,156.9,152,54.2,50
34,99.2,170,164,34.6,82
48,52.5,199,107,30.2,46
25,54.8,161.3,89,40.1,84
57,86,180.6,61,44.7,51
42,64.1,171.6,74,51.2,71
26,59.2,153.6,106,53.4,72
19,52,174.4,86,49.9,60
32,51.1,185.1,130,48.8,53
20,88.7,175.7,86,50,59
53,56.7,193.6,144,38.1,78
21,73.4,164.4,72,41.5,64
31,80.3,154.3,114,48.5,58
58,71.4,196.8,76,32,55
58,51.4,168.9,134,38.9,74
42,89.2,178.8,118,42.2,47
27,50.5,189.6,69,46,46
38,88.1,166.2,92,44.6,58
53,94.7,185.8,137,51.5,73
29,71.6,156.8,96,44.2,49
44,76.8,164.6,67,57.1,50
57,73.8,157.2,92,41.4,52
19,69.5,190.6,66,45.8,83
30,94.4,161.1,93,30.1,83
49,94.7,185.9,130,39.3,73
48,66.8,197.2,66,56,83
33,80.8,176.4,100,40,71
49,96.3,177,177,37.6,60
49,98.1,173.1,159,46.3,71
51,75.4,166.3,114,32.4,83
28,72.6,173.8,66,45.9,84
27,63.9,180.1,143,39.1,45
32,97.9,199.3,77,41.5,77
34,57.1,196.9,168,53.7,83
57,79,193.1,102,49.9,71
35,64.1,194.5,164,43.4,61
26,64,173.4,137,47.3,59
42,70.2,182.9,99,53,66
57,99.9,194.8,112,52.4,63
31,52.7,169.6,73,35.6,72
42,78.9,198.1,80,39,67
39,54.1,170.8,172,40.4,80
47,57.7,180.1,116,35.6,83
37,72,185.5,150,30.4,64
38,75.5,197.5,105,35.2,53
49,62.9,162.2,85,54.2,67
38,65.8,187.3,150,46.4,51
52,54.3,176,83,40.2,75
49,65.2,163.4,64,48.3,55
47,98.3,188.8,101,52.2,84
56,97.2,177.6,161,40.6,61
29,66.7,183,151,44,80
58,78.5,166.1,165,31.9,70
35,95.5,174.1,102,47.9,80
38,50.3,180.9,91,40.7,62
30,90.5,170.2,147,43,75
38,97.4,159.9,65,42.7,79
25,54.6,198.1,133,49,72
57,58.1,175.6,169,47.2,70
24,98,186.7,175,42.7,50
40,76.9,170.6,126,30.5,78
49,50.7,167.8,66,48.6,72
28,62.9,170.4,88,56.4,53
39,72.5,170.5,93,53.1,73
39,84.6,177.2,66,59.4,78
42,86.7,177.2,140,34.2,56
39,99.8,174.9,136,36.7,60
45,64.4,156.7,117,46.2,51
46,76.9,174.8,144,37.1,75
30,76.7,158.5,90,31,77
35,70.3,156.3,132,42.1,51
19,58.5,196.6,104,38.6,47
46,98.9,180.2,106,37.9,64
38,92.7,183,136,58.6,49
32,74.9,170.1,140,37.2,47
44,80.2,195.4,131,33.9,82
48,61.4,181.9,132,33.8,59
32,77.2,188.5,132,54.2,79
40,84.7,168.4,99,51.4,67
41,75.8,198,171,33.9,77
30,99.5,191,175,36.6,46
39,80.6,192.7,89,52.4,80
54,68.5,158.6,121,38.2,65
50,88.6,163.5,130,59.4,58
20,58.5,164.3,76,46.2,58
36,69.2,163.5,162,35.8,55
40,67.3,192.8,161,55.8,48
46,71.6,151.6,64,39.6,74
47,89.1,153.8,140,38.7,80
56,74.2,163.7,163,39.8,64
42,89.7,160,60,53,60
54,78.8,161.6,139,35.2,78
25,67.1,189.9,140,41.5,52
59,90.5,178.2,153,30.9,64
33,61.9,150.3,90,54.8,65
25,61.2,171.5,94,40.2,84
18,75.2,170.4,168,37.4,74
22,63,155.7,131,47.4,80
20,50.5,183.8,171,51.1,49
18,82.4,185.1,179,54.4,65
21,75.6,186,89,40.4,82
57,72.3,186.4,162,54.4,67
52,98.3,150,144,43.9,63
49,78.6,197.7,74,33,54
59,93.2,190.7,179,55.4,71
51,57,195.2,157,46.4,79
42,78.5,150.8,115,48.1,57
27,93.4,196.7,119,58.1,53
38,79.2,190.5,86,46.8,61
56,85.9,191.9,61,30.2,75
44,68.6,154.7,133,56.1,68
44,54.6,186.9,123,38.5,63
19,72.9,198,64,45.1,74
58,69.7,183.9,150,36.1,49
30,93.4,178.5,127,38.9,52
26,62.2,197.3,170,50.6,81
53,98.3,172.1,72,42.9,80
39,97.9,180,140,48.8,69
59,62.4,173.8,144,54.7,49
43,67.4,196.6,82,40.2,77
29,94.8,153.8,156,47.1,66
34,98.3,175.1,109,53.3,69
31,72.2,184.3,138,51.5,73
31,66,189.6,137,46.2,74
51,76.3,179.2,132,41.5,74
37,84.4,195.4,167,42.2,75
28,63.7,197.1,96,43,78
33,86.8,153.2,89,40.5,72
48,52.6,170.1,152,51,54
23,52.5,151.2,82,33.8,48
36,69.3,166.5,93,59,77
54,67.7,176.8,178,53.4,61
21,65.8,195.5,123,38.9,55
21,74.6,192.3,114,31.3,51
37,66,156.4,130,51.3,61
27,59.6,154.7,176,52,72
41,65.5,179.5,68,58.9,61
52,98.7,176.6,173,37.6,54
43,70.6,163.3,63,32.5,70
54,72.2,195,125,57.5,50
55,78.8,196.4,179,37.8,61
38,99.2,170.1,150,51.6,60
57,62.1,194.5,92,31.8,83
56,84.1,169.2,91,52.8,70
38,85.8,186.8,103,33.8,48
27,80.4,173.8,168,50.9,64
55,54.4,156.1,169,46,55
21,83.8,196.4,96,58.7,67
37,53.2,172.7,150,31.1,77
34,79.8,186.7,151,38.8,75
24,87,168.4,126,32.1,51
21,60.5,150.9,119,56.4,66
46,92.1,155,118,47.8,49
31,51.5,174.8,95,46,81
20,92.2,184.5,108,33.9,45
41,73,166.7,110,44.7,50
54,60.9,184.8,166,42,48
33,56.7,184.9,67,39.5,74
21,97.7,185.2,167,53.2,74
41,53.6,174.6,109,31.8,61
51,60,195.7,173,49.4,68
47,67.4,174.5,100,54.7,75
35,81,172.5,160,57.2,72
36,77.2,160,176,52.4,48
48,56.3,165.4,172,38.5,83
36,64.5,152.1,168,48,63
36,61.9,181.7,97,34.2,68
39,60.7,162.4,179,33.5,51
41,70.6,165.2,145,49.2,53
29,85.2,188.5,137,55.5,66
47,60.9,166.4,138,32,46
55,68.3,162.1,114,33.2,71
48,69.5,158.5,169,47,60
53,98.8,188.7,127,36.5,49
36,97.7,156.5,77,48.4,56
53,90,172.7,124,36.4,70
47,62.1,175.3,123,33.5,59
50,53.4,184.4,71,46.4,47
35,65.8,181.7,177,55.9,53
45,63.3,190.5,100,50.6,72
28,75.3,152.2,101,54.6,83
50,88.9,164.8,176,38,80
34,92.9,164,119,56.6,69
23,92.2,157.3,109,41.3,72
21,68,164.5,140,55.6,65
37,84.4,165.5,142,44.1,73
44,65.6,176.1,95,38,69
32,53,183.2,107,37.8,74
23,85.1,169.1,130,47,83
31,50.5,186,132,32.4,55
28,70.5,166.8,67,57.9,63
56,66.5,164.5,84,38.1,55
26,84.7,177.1,66,40.1,69
43,88.3,151.2,165,37,45
33,65.2,154,67,30.1,76
22,90.6,170.9,147,50.8,65
27,64.7,197.1,140,47.7,57
20,72.3,186.1,135,54.3,78
30,86.4,154.4,169,31.2,61
47,84.6,192.3,90,57.9,63
23,99.4,186.6,71,39.9,54
34,61.3,180.5,116,57.4,53
36,83.1,191,125,33.2,55
59,80.5,170.2,71,52.3,82
52,95.8,161.1,86,47.4,75
43,57.8,175.6,105,40.7,46
22,87.6,177.4,66,32.4,68
46,78.4,176.9,120,48.1,49
54,63.7,178.3,117,30.8,74
37,73.7,197.4,117,45,83
38,66.7,195.1,72,48.1,79
27,79,193.8,112,52,61
22,94.5,190.1,159,59.7,75
53,78.5,197.2,124,37.8,46
23,81.6,154.9,108,39.7,60
43,75.9,163.3,94,40.2,65
21,52.6,174.8,153,51.9,74
56,61.6,192.3,154,58,45
56,74.6,175.3,76,59.2,58
52,65.5,187.4,131,58.4,60
18,59.1,156.9,126,56.4,53
41,75.2,162.6,69,59.7,52
53,66.1,186.6,93,41.3,53
23,62.9,158.2,145,58.4,78
58,73.2,167.6,63,52.8,77
48,56.7,163.2,155,35.1,66
37,96.4,167.5,88,31.4,74
41,93.4,185.4,105,36.4,51
42,85.4,168.4,134,53.4,62
53,55.3,177.8,105,49,65
38,88.8,155,136,36.7,49
47,90.4,190.3,118,52.3,51
41,88.4,168.5,120,34.2,56
59,55.7,182.4,127,54.7,61
47,82.2,186.3,125,53.8,68
39,91.7,160.5,93,59.2,81
45,78.9,194.2,166,34.5,63
24,82.3,180.8,145,57.2,60
52,72.9,171.4,64,40.2,69
45,76.4,159.1,68,42.5,71
31,51.7,197.1,79,44.1,51
27,81.9,187.8,80,48.8,52
33,54.1,160.4,76,59.8,59
33,71.8,166.9,71,48,60
48,64.6,190.5,151,57.8,52
59,77.3,184.8,141,37.7,80
42,56.7,188.3,126,42,76
30,84.6,172.1,64,45.1,61
23,89.8,185.8,119,39.7,80
26,58.2,169.3,112,59.3,66
53,55.2,160.6,111,51.8,76
37,57.3,181.6,137,44.4,55
35,93.9,198.8,107,52.5,50
38,76.4,165.5,149,44,66
21,73.4,173,78,30.5,58
50,55.3,183.7,164,46.3,72
44,82.5,177.1,76,48.8,83
24,93.4,192.2,113,59.4,56
23,91.4,188.1,162,31.2,71
32,81.3,152.9,165,45.4,45
35,53.8,199.9,127,32.9,54
49,55.6,187.6,165,34.5,77
28,52.5,193.2,94,48.3,60
37,62.9,182.6,147,36.9,83
41,56.8,192.8,100,52.5,50
32,63,155.6,72,45.4,69
24,69.3,167.4,92,36.5,64
38,97.1,193.8,74,44.8,80
59,80.5,160.1,122,30,67
43,91.7,153.9,74,55.9,60
31,85.5,189.4,90,30.4,45
54,55.6,191.8,166,30.2,74
38,86.8,158.1,87,48.3,71
35,63.8,192.7,69,59.2,46
22,82,184.3,116,55.7,65
20,67,176,130,37.6,53
40,99.9,191.5,92,35.9,68
43,63.2,171,66,48.8,83
54,64,159.7,64,54.7,51
41,96.5,164.2,149,40.9,74
36,51.2,175.3,178,43,46
42,84.8,176.6,139,33.5,56
38,86.3,190.3,116,34.6,57
29,91.8,189.6,131,47.1,47
58,98.7,179.1,145,33.1,84
50,98.8,189,157,36.1,62
21,53.3,159.6,99,37,83
59,91.1,152.5,87,43.3,50
24,82.3,193.7,169,31.4,71
39,82.4,153.8,95,45,59
50,56.4,162.3,115,57.9,59
34,82.5,184.8,106,30.7,63
41,99.1,170.5,130,48.9,82
51,95.6,193.8,175,55.1,64
45,72,164.9,99,39.4,64
58,52,150.6,118,33.9,62
56,68.1,165,102,31.3,78
39,91.3,178.9,151,49.3,83
34,85.1,168.8,125,46.6,81
51,73,176.7,68,36.9,79
23,52.8,193.8,65,54.9,82
23,71.3,195.6,178,52.1,82
51,73.5,163.3,124,38.3,45
18,96.4,173.1,62,52.6,56
27,82.1,177.5,133,37.3,49
38,65.6,197.5,96,50.3,71
22,76.3,199.9,167,33.6,83
19,53.3,161.8,146,50.8,64
39,98.6,186.3,92,37.2,84
19,68,168.9,68,47.2,63
27,73.9,150.4,112,35.2,82
51,67.8,150.5,136,51.8,59
33,84.1,173,151,31.8,50
56,83.1,174.4,110,35,53
39,85.8,151.1,130,35.5,80
29,63.4,184.3,85,31.2,67
41,65.8,164.7,75,52.4,54
57,56.3,178,99,59.4,45
55,82.8,165,149,53.4,55
27,52,158.4,110,55.8,64
52,79.9,170.4,98,30.2,72
49,93.5,161.6,114,33.5,66
24,94.5,176.7,155,46.8,64
38,72.5,159.9,95,59.3,82
37,73,175.4,165,49.8,60
43,53.8,157.9,124,41.2,46
21,83.5,183.5,172,34.4,69
39,91.1,187.7,144,34.6,71
32,62.2,155.5,136,40.9,47
57,71.1,173.4,174,51.4,67
38,91.9,153.5,149,31,76
32,93.9,179.9,104,55.6,61
39,62.2,163.2,68,58.2,84
45,77.5,176.4,96,56.7,64
31,59.6,175.9,146,57.4,74
44,55.1,196.2,60,30.5,72
58,95.6,177.5,125,59.3,67
57,91,179.1,122,41,63
45,88,170.1,102,56.1,69
43,52.4,197.5,87,35.6,68
19,92.2,188.9,159,43.4,45
42,71.9,164.3,90,31.3,72
20,67.1,192.2,164,31.2,73
25,77.3,171.6,128,58.3,79
50,54.6,191.4,160,54.3,61
59,87.8,191.1,148,45.9,55
52,79.1,159.4,67,45.8,81
23,59.3,185.1,93,52.5,51
56,59.4,164.5,162,40.3,70
40,59.2,164.9,108,52.9,67
42,52.9,164.8,155,44.6,62
36,79.4,186.3,117,49.1,73
22,92,161.5,134,58.9,83
28,50.9,150,106,44.1,78
29,52.5,185.8,84,42.6,82
27,78.6,158.6,62,57.2,52
25,91,155.2,104,57.1,65
41,66.3,161.9,173,59.8,65
45,67.5,169,111,46.5,80
58,79.8,173.8,155,40.3,61
53,63.7,152.2,175,37.2,60
54,51.3,198.5,158,31,59
38,86.8,185.8,155,51.8,59
25,81.3,166.2,93,37,84
26,79,165.9,160,48.2,61
32,87.1,172.4,175,57.5,45
57,83.8,181.3,128,58.5,57
35,60.3,157.3,168,30.1,82
59,67.6,159.4,151,39.5,54
37,56.3,193,151,55.1,77
23,56.5,162.8,67,46.1,70
29,83.8,169,86,54.2,56
19,92.9,193.6,139,55.6,63
24,98.1,183.2,122,43.3,59
33,81.4,167.1,141,40.8,49
20,59.2,184.2,84,43.7,46
20,55.3,151,117,49.6,58
44,90.6,186.8,107,41,73
57,78.9,174.4,60,53.2,45
55,80.9,190.7,67,57.1,57
50,89.1,197.7,80,38.5,76
45,85.2,196.3,157,58.9,78
18,91.7,195.5,147,48.7,58
25,52.8,175.6,160,56.3,82
54,87.4,168,149,33.1,82
49,92.5,173.3,170,37.5,59
54,64.3,184.5,137,39.6,83
21,82,194.2,88,39.1,50
47,65.7,160.3,89,35.2,73
23,97.9,195.9,62,56,81
36,51.7,190.8,66,42.6,63
49,79,198.9,159,58.9,45
26,58.3,194,70,47.5,65
29,85.6,164,91,34.2,83
28,58.8,155.3,118,46.4,62
33,61.8,155.6,71,59.8,71
18,74.7,164.6,138,47,72
38,95.7,180.7,97,30.1,52
47,60.6,190.2,83,58,75
30,57.2,195,124,37,56
51,87.9,181.2,77,50.7,50
21,75,150.3,105,45.5,70
45,95.6,159.3,115,39.8,60
55,57.3,155,122,38.5,74
48,82.3,168.2,66,57.9,63
44,61.6,175.1,165,57.4,62
22,57.8,152.2,164,45.4,68
42,84.2,167.4,125,37.8,64
20,79.7,159,99,33.1,51
50,87.7,182.4,113,34.7,51
21,65.5,173.2,90,45.7,60
42,72.4,174.8,156,39.2,58
37,70.3,171.4,111,31.3,56
51,99.2,197.8,153,43.7,73
43,64.6,160.7,90,52.4,59
22,64.7,175.8,93,56.8,52
52,67.7,186.8,66,47.6,83
45,78.2,177.8,148,51.7,53
46,62.6,196.5,75,40.9,72
26,95.8,168.9,81,44.9,71
55,63.3,173.2,159,51.9,51
23,94.8,154.4,112,51.8,58
36,55.2,180.4,150,42.7,55
28,82.8,164.4,76,46.3,76
19,95.3,158,63,57.7,72
26,58.4,177.2,120,49,50
38,98.4,176.6,158,49.3,79
41,72.6,153.8,164,53.5,50
51,97.3,184.9,145,33.5,68
39,83.8,181.2,170,45.7,53
20,65.1,159.5,111,58.8,46
29,59.4,173.5,94,40.8,82
45,65.2,186,103,38.8,58
47,54.7,176.5,74,48,75
43,57.2,169.8,120,36.6,74
38,55.2,166.1,175,46.7,71
45,71.1,180.5,163,34.7,80
43,89.8,197,103,47.4,75
50,57.1,183.6,80,48.1,50
38,56.5,153.7,136,42.6,62
52,82.2,173,106,41.5,58
51,59.9,194.5,134,37.4,64
58,54.9,154.7,108,39.9,55
35,58.3,199.4,112,45,81
28,96.2,197.5,179,37.4,84
40,91.1,153.9,86,53.5,48
39,67.7,196.7,90,51.3,50
34,82.8,168.2,103,38.1,67
22,76.9,192.2,91,32.9,52
28,83.9,170.9,175,30,74
47,84.1,172,89,47.9,80
32,81.4,181.7,77,36.3,55
44,63.3,188.7,122,30.4,49
52,52,151.7,75,40.8,47
50,72.8,179.7,94,58.9,59
37,94.5,159.3,121,50.7,46
33,78.5,167.3,68,55.7,46
51,91.6,167.4,121,34.3,52
19,99.6,173.5,98,32.2,74
52,58.2,166.7,110,30.3,49
57,84.6,155.4,160,58.7,74
45,83.7,157.3,174,39,54
56,99,151.7,69,43.8,77
23,99.3,173.5,111,41.8,68
26,84.3,197.7,71,51.9,63
37,62.2,155.8,131,39.3,74
18,89.9,197.3,121,46.1,69
25,55.4,186.7,62,59.9,55
40,89,181.9,142,43.3,79
20,95.5,182.3,70,46.5,45
21,69.1,191.3,67,45.1,61
42,81.5,155.3,149,54.1,75
55,71.5,175.2,168,38,50
32,71.9,184.9,82,35.1,57
38,65.5,179.3,178,52.6,70
52,88.1,191.6,69,42.5,80
31,96.8,153.6,77,57.4,49
53,97,184.5,135,49.3,58
29,58.7,176.7,98,46.9,59
34,93.7,169,85,32.1,56
56,86.9,167,70,51.9,52
26,62.6,181,69,50.6,75
52,53.4,194.5,62,49.2,70
30,63.4,174.8,121,38,73
32,95.6,191.2,130,58.4,48
35,81.7,170.1,120,39.6,72
50,86.1,155.1,63,34.6,69
23,62.9,153.1,120,59.6,84
44,86,152.6,163,52.4,76
40,51.4,169,67,42.4,80
44,68.8,166.9,161,58.1,55
51,81.3,185.9,72,32.7,81
55,57.3,187.1,71,32.6,54
31,91.2,152.5,94,50.5,82
53,61.8,161.1,161,35.3,80
25,82.6,163.7,113,57.5,71
52,70.3,177.4,110,55.2,61
36,79.8,157.2,102,39.2,51
47,55.4,156.7,159,56.7,53
31,50.8,197.2,170,31.3,79
37,95.5,190.2,125,46.5,53
42,63.5,159,74,58.1,80
57,91,170.3,108,55.7,74
41,100,167.8,93,40.7,75
31,60.6,189.6,98,35.5,63
43,63.3,175.5,85,36.3,67
55,83.1,156.4,171,45.4,64
40,98.3,186.9,128,47.9,50
39,95.8,169.8,107,31,68
36,75.1,163.1,148,42.4,66
20,89.8,168.8,110,54.9,50
59,56.8,174.9,157,43.3,68
36,98.9,167.2,170,35.1,66
26,98.2,162.1,63,58.6,62
45,58.2,169.9,157,38,60
37,65,151,86,54,80
24,55,188.6,178,35.8,57
31,63.6,158.5,101,42.7,81
26,90.8,152.2,177,44.7,68
36,68.9,182.7,115,45,63
31,54.4,188.7,152,45.5,64
55,67.1,190.7,128,36.7,71
53,99.1,174.7,77,45.5,61
57,81.5,160.3,120,44.5,60
34,70.8,186.9,63,36.3,45
47,58.3,185,60,59.6,65
26,99.3,162.3,109,56,71
50,91,195.2,143,56.6,45
42,64.1,155.2,129,50.6,74
31,53.5,199.1,79,34.8,64
28,52.8,193,79,47,68
52,56,184.4,105,54.6,46
58,79,196.9,86,31.2,59
31,96.4,186.1,85,44.9,73
47,74.8,159.5,91,41.9,79
58,92.1,172.1,69,36.4,57
21,72.3,153.6,141,41.3,63
21,85.4,169.5,164,59.5,45
45,86.6,187.1,71,51.7,60
25,58.7,169.3,133,39,47
19,68.1,166.5,147,48.2,84
58,81.9,179.8,83,37.4,50
39,53.5,193.6,176,48.3,75
58,68.1,152.4,110,56.9,49
33,76.7,169.3,97,46.7,70
46,99.8,157.9,105,52,72
47,73.7,184.8,148,43.6,59
29,90.8,155.3,67,45.7,53
52,71.6,183.2,114,50.9,66
28,89.8,164.3,137,54.4,81
38,79.8,159.9,166,49.8,65
38,94.3,196.8,90,59.3,73
22,70.5,150.9,147,54.6,70
37,80.2,171.9,75,53.3,50
54,81.5,151.1,79,55.4,55
20,70.9,174.2,97,38.4,80
50,57.2,175.1,170,43,64
26,54.7,166.1,74,46.9,64
26,50.8,156.6,137,43.9,71
21,93.7,168.8,176,55.4,50
52,61.8,183.6,135,30.8,77
34,60.6,189.1,93,36.3,74
51,86.8,176.5,131,56.5,78
41,66,179.5,78,31.8,49
49,75.3,160,169,36.8,60
18,58.1,164.4,128,40.5,56
25,98,158.1,179,52.5,56
40,92.6,162.5,150,46.8,55
57,93.2,161.2,122,58.6,65
29,70.3,176,164,36.8,51
29,88.1,178.1,136,56.2,78
32,57.2,197.2,91,38.5,73
58,50.4,159.8,154,37.4,50
36,51,182.1,164,45,80
43,79.3,190.9,169,32.1,78
46,72.8,178,96,41.5,52
39,75.9,162.8,125,40.7,81
57,50.4,163.1,66,34.8,54
38,71.1,152,107,55.8,60
55,85.9,165.3,70,41.6,46
37,72.1,187.2,134,59.5,63
46,86.6,152.4,146,57,51
21,61.7,161,90,35.8,46
24,90.7,185.3,103,45.2,67
45,79.4,189.1,104,48.1,75
45,60.5,172.8,131,54.6,48
21,61.8,184.9,115,56.6,60
39,81.4,169.4,91,48.7,54
29,91.5,158,171,31.1,65
20,70.8,169.9,80,44.4,72
39,62.9,179,90,56.5,56
19,93.4,197.4,60,51.4,57
41,83.5,153.4,136,56.1,84
51,72.4,175.4,70,50.2,61
44,74.4,166.4,152,31.3,62
58,60.2,175.4,127,59,54
18,81.3,151.2,95,57.5,72
25,67.9,165.7,138,33.8,57
40,99.8,191,118,33.4,78
55,74,177.7,126,46.2,50
23,74.3,172.5,115,52.7,56
39,78.3,164.3,110,41.5,73
42,95.8,164.9,88,34.1,57
35,90,169.2,144,45.3,70
34,72.6,191.8,61,40.1,48
29,85.9,198.4,65,40.6,59
23,79.3,171.9,90,49.3,60
43,74.6,169.7,113,56.6,63
44,59.6,192.3,147,46.8,70
25,73.2,171.3,99,50.6,76
36,62.3,177.6,76,49.8,50
59,95.7,161.5,64,46.5,50
18,66.8,187.2,61,39.3,49
46,97.6,176.6,117,41.3,46
52,76.7,190.5,71,39.5,46
57,81.6,189,64,57.5,81
31,77.1,160.8,165,54.8,47
52,56.5,185.8,119,47.4,50
37,68.8,190,100,57.4,75
30,55,167.3,79,56.6,49
55,81.1,158.6,131,57.8,54
25,72.3,150.1,60,36.7,71
37,88.9,172.5,115,51.5,68
50,61,167.6,129,48.3,66
43,58.2,177.7,115,52,69
56,70.3,159.4,113,37.9,47
38,96.3,193,70,50.8,60
59,85.5,162.9,62,42.3,74
58,70.9,161.3,154,55,48
26,75.9,174,87,53.9,84
41,54.2,174.9,170,36.3,60
54,99.2,160.8,166,35.5,84
58,83.3,163.6,179,51.5,52
34,64.3,158.5,64,46.5,68
41,79.3,185.9,149,46.7,60
38,55.5,188.5,75,52.6,71
56,98.3,173.1,176,55.6,46
58,58.7,185.7,90,37.2,64
56,82.4,186.8,87,46.7,64
30,62.3,156.9,66,54.9,64
28,85.9,198.3,161,56.2,63
36,88.8,191.1,68,38.6,62
28,83.7,160.2,98,33.1,57
30,80.7,159.3,158,37,61
18,94.6,156.3,102,58.4,77
57,53.9,156.9,86,43.9,72
36,66.5,187.4,135,42.6,49
29,62.4,173.5,176,30.4,72
25,99.4,189.1,148,31.5,69
25,69.5,187.3,166,50.1,64
29,86.6,180.2,152,47.7,65
50,84.2,184.3,154,47.3,57
43,60.6,150.9,157,33.3,50
56,61.9,165.6,92,40.6,73
45,64.1,181.9,150,54.4,53
22,70.6,150.5,115,35.2,73
25,61.7,151.6,179,56.5,82
42,51,192.6,61,33.6,45
44,94,184.2,73,35.1,74
40,98.3,163.3,72,44.3,76
47,67.1,184.4,83,58.4,67
40,66.9,189.6,128,39.9,83
37,50.4,165.3,93,49.7,54
35,84,151.8,178,47.7,65
35,91.3,196.6,146,34.5,70
19,57.3,167.3,78,37.4,59
21,58,155.3,89,57.9,61
47,89.5,174.6,108,35.5,79
50,80.8,188.4,102,50.9,69
53,52.2,161.1,75,58.9,59
35,81.1,163.5,111,33.6,77
54,65.4,162.1,173,42,55
36,68.4,199.6,175,36.7,68
45,88.5,159.9,163,36.6,50
57,90.5,178.8,157,33.6,72
37,70,196.3,108,49.5,73
50,97.4,157.3,70,52.4,65
29,70.3,198.5,137,50.3,56
32,88.6,197.4,171,57.7,66
58,74.2,194.2,106,34.4,71
56,94.9,160.7,138,39.6,65
19,95.4,181.7,94,40.3,59
46,54.4,188,130,37,62
58,96.8,199.3,88,34.3,54
27,91.3,159,167,44.6,66
19,89.6,188.3,113,55,64
28,60,166.9,145,58.6,63
30,90.3,158.8,82,33.9,72
27,92.5,171.1,83,54.7,81
31,64.5,189.7,158,54.7,45
35,97.6,173.2,174,41.7,78
26,52.5,176.9,69,33.3,79
56,57.5,199.8,120,59.7,70
45,76.9,170,67,49.7,74
20,78.8,180.8,107,59.5,56
37,82.3,168.3,171,44.5,58
23,50.8,169.6,135,41.9,83
44,98,184.8,152,37.4,48
19,52.2,196.9,88,59.5,56
46,57.2,177.1,146,37.6,68
55,50.7,188.4,85,30.7,84
20,78.3,154.5,96,45.4,75
33,96.6,160.6,155,41.3,45
47,83.3,175.1,111,37.8,81
57,91.1,151,97,49,45
19,50.7,162.6,65,40.9,59
34,77.1,175.9,67,42.1,57
58,73,150.7,76,30.7,73
29,74.9,163.2,135,47.7,48
52,53.6,175.7,121,33.7,59
18,84.2,178.7,145,36.4,84
32,75.2,196.3,137,51.5,56
43,88.3,182.3,93,39.4,69
54,74.3,170.7,78,34.9,71
38,57.5,196.5,129,47.3,50
48,82.4,189.2,141,36.4,67
42,58.6,160,159,38.1,59
40,93.6,156.5,177,48.6,83
41,80.7,183.8,96,52.2,49
55,57.9,178,97,52.2,67
45,98.1,189.5,74,44.5,59
38,75.9,186.9,161,43.6,69
35,53.6,181.3,99,53.6,74
53,81.3,199.3,68,35.8,48
52,62.7,176.7,112,34.6,57
26,90.2,155.7,177,49.9,84
55,90.9,191.4,129,42.3,83
47,98.9,162.6,177,51.3,67
51,75.1,188.9,125,37.7,60
49,72.7,197.9,139,39.7,79
20,87.7,184.8,111,56.9,60
20,56.6,179.8,60,42.6,51
45,77.3,173,89,47.7,57
32,77.3,168.2,171,33.2,73
58,54.5,167.7,156,35.4,83
40,70.9,181.8,60,31.1,64
57,92.7,187.6,98,42.7,73
28,92.8,183.9,75,59.7,62
49,55,159.9,76,56.2,66
53,54.5,174.7,171,49,80
50,63.1,189.6,171,55.8,80
41,93.7,173.8,161,47.8,52
56,56.4,176.8,141,41.1,47
51,86,188.6,81,35.2,73
45,55.1,183.1,145,49.6,53
54,81.2,170.5,158,35.8,52
24,67.8,194.8,90,42.5,74
21,89.4,158.1,99,54.8,56
54,61.7,199.8,86,33.9,72
18,82,155.9,95,33.9,54
18,61.8,150.7,178,36.7,57
37,85.7,194.5,63,46.6,46
36,93.7,162.2,172,37.6,45
46,56.3,186.5,177,45.1,66
27,93.3,190.6,128,39.1,77
35,79.7,192.9,84,45.2,60
45,56.4,199.6,154,38.3,73
52,71.4,164.7,137,59.4,54
48,58,185.5,89,44.8,83
44,85,155.8,106,52.3,51
28,87.9,170.3,71,51,45
55,55.3,192.4,86,44.7,70
22,75.3,168.4,104,37.2,49
25,90.7,179.6,147,45.3,79
51,96.8,175.2,122,50.4,57
29,75.7,182.3,114,43.8,71
55,97.5,198.6,89,32.5,56
18,76.8,152.8,141,30.5,74
48,69.7,178.7,73,39.8,76
21,92.4,193.2,115,34.5,75
22,74.6,174.1,78,57.2,49
47,73.6,153.9,145,35.3,81
41,74.5,178,85,41.8,46
20,92.3,166.6,130,51.4,82
28,91.6,157.7,151,54.5,51
21,70.2,192.5,97,44.3,45
43,66.7,176.1,128,35.4,47
44,74.6,196.7,95,38.1,64
44,78.6,190.3,77,42.6,46
59,61.9,184.6,116,40.9,65
23,89.7,150.3,137,40.5,76
32,74.3,171.4,171,34,64
47,66.7,159.9,82,57.4,75
59,55.3,195.5,178,30.9,77
54,61.9,158.7,175,43.2,68
54,97.5,164.3,73,59.4,62
59,65.3,175.8,155,49.8,64
54,58.4,163.2,128,40.7,76
52,73,160.5,81,34.4,49
40,65.4,180,87,58.9,46
23,51.8,154.4,102,30.4,70
21,66.2,152.9,135,50.4,69
35,77.2,168.6,77,56.4,66
26,77.6,186,159,30.8,83
46,67.8,177.7,154,51.8,66
30,72.4,171.1,136,60,55
34,98.3,178.3,143,49.2,55
49,68.9,168.3,168,42.4,48
39,62.9,196.8,95,56.2,77
21,62.2,152.7,178,46.6,62
22,72.9,183.7,178,52.5,75
54,88,194.6,66,47.6,72
58,60.3,190.2,82,31.1,66
30,85.5,159.2,93,36.4,84
51,51.1,164.8,176,32.4,47
39,70.9,185.9,173,33.2,51
40,88.8,154.2,155,30.5,64
20,66.9,190.6,80,42.6,51
59,78.2,185.9,129,35.4,51
51,60.2,186.5,139,55.7,73
49,87.1,155,158,52.5,70
38,52.6,185.9,177,47.2,47
38,92.6,184,106,44.7,61
28,59.9,191.5,112,37.7,84
56,93.7,152.1,143,44.2,64
21,67.6,151.2,165,49.2,78
18,86.1,168.7,100,53.5,77
45,66,157.4,134,32.5,60
41,95.3,177.9,91,51.3,67
52,56.3,195.9,73,52.3,48
30,58.9,169.6,147,46.8,84
51,74.7,192.2,167,36.4,77
28,54.1,150,162,46.2,52
53,59.8,158.4,166,45.1,49
34,97.2,151.5,154,44.3,77
52,98.8,166.4,76,43.8,69
35,68.8,195.4,84,33.3,51
57,96.2,154.8,123,35.5,51
39,77.2,180.3,132,32.9,77
41,63.5,172.6,145,37.3,77
36,85.1,196.9,178,37.9,73
54,82.9,156.1,168,37.4,83
56,99.5,160.6,107,36.3,76
38,63.3,151.5,94,52.1,81
25,83.6,171.7,96,54.6,73
45,52.6,163.9,114,39.8,66
22,55.7,193.5,76,39.2,46
34,50.2,180.2,87,55.3,53
54,100,180.7,60,48.7,73
53,90.1,176.6,112,38.8,77
36,89.3,154.6,132,51.4,54
44,75.5,172.3,114,40.3,72
51,65,200,172,47.6,83
28,57.6,191.8,120,59.8,56
29,64.2,194.7,72,39,66
38,68.8,191.2,106,57.9,50
28,87.8,155.2,123,39.6,84
56,77,161.4,91,46.2,67
45,53.9,150.2,87,43.8,78
22,50.9,165.2,112,53.5,82
34,55.1,155.4,90,31.8,60
37,70.5,173.6,67,48.8,54
58,96.7,183.9,131,52.8,65
29,81.9,193.7,157,44.2,54
23,90.1,187.5,146,33.2,55
34,73.3,196.9,133,37.3,65
36,68.1,152.7,160,50.4,69
43,55.4,150.6,171,56.9,78
49,93.8,183.1,84,42.6,75
23,89.2,164.5,174,46.8,71
53,58.4,162.7,92,36.9,69
55,75.6,166.5,168,42.4,76
28,74.4,163.5,127,40.1,55
50,81.3,175.6,66,49.7,70
41,97.3,172,156,59.5,80
40,79,175.6,125,54.4,81
32,77,183.6,171,35.8,77
44,52.5,169.4,105,47.3,77
28,53.1,162.6,155,32,80
34,59.4,158.3,64,37.4,57
31,51.6,167.5,169,35.2,58
44,87.2,187.1,76,40.1,81
35,86.2,187.8,135,50.4,84
45,56.8,183.3,111,45,45
21,91.8,161.7,71,58,49
24,57.7,179.4,121,36.4,74
52,65.1,178.5,94,40.9,62
26,62.4,174.2,121,39.9,81
25,68.6,177.5,80,37.1,83
34,62.7,174.6,144,59.8,56
34,74.4,178.3,125,41.6,78
50,70.4,185.8,112,58.2,58
49,99.3,155.5,80,41.7,82
25,52.8,187.5,74,36.1,60
36,57.1,156.8,134,33.6,55
55,52.6,153.3,133,55.7,77
20,81.3,198.8,141,31,59
22,52.7,197.8,82,58.9,54
30,91.8,153,90,42.5,47
48,75.6,172.2,113,37.4,55
33,76.4,159.3,114,48.5,55
49,78.1,174.3,179,34,60
39,58.5,191.5,85,32.2,82
46,59.9,197.5,112,54.8,74
39,65.9,181.7,125,42.7,45
20,79.7,167.7,98,45.5,82
27,60.5,180.2,66,35.3,78
59,55.8,165.6,147,31.8,63
38,98.5,195.5,98,41,78
33,51.1,193.5,91,45.2,80
29,90.1,177.9,85,53,48
19,89.4,166.2,146,45,54
58,64.9,164.7,137,53.5,61
41,56.8,151.7,88,33.5,60
52,57.3,190.8,84,31.9,65
47,84.9,172.5,115,34.8,72
47,82.1,166.3,90,53.2,52
52,89.1,173.6,125,52.8,73
36,96.9,190.9,61,34.2,50
25,84.6,156.2,146,30.9,74
43,57.8,192.9,106,50.6,46
57,62.2,194.9,134,55.7,75
24,92.1,197.3,88,52.6,69
47,60.5,169.9,165,36.1,67
24,53.6,160.9,158,47.5,65
20,85.2,168.7,108,52.7,60
18,70.1,166.6,132,37.7,48
53,96,158.8,91,45.8,52
42,82.5,180.4,89,39.4,50
54,54.5,173.8,74,36.8,71
18,97.4,193.3,121,59.1,80
32,62.9,151.6,137,57.4,80
54,66.9,182.2,174,43.4,68
30,70.1,188.1,76,34.1,50
57,52.6,188,81,51.8,77
25,74.8,194.3,175,37.7,46
22,56.2,186.5,89,35.1,60
26,70,196.4,140,41.4,82
18,67.5,166.6,75,45.9,53
53,88.6,175.2,111,32.9,49
52,90.2,150.7,67,47.2,54
19,57.7,150.3,123,30.5,74
57,68.3,162,98,56.8,51
40,68.7,155,90,57.6,73
26,57.6,163,71,52,46
51,89.9,158.9,92,44,64
31,85.4,151.4,117,37.6,48
21,59.5,195.5,71,52.3,72
47,68.3,150.4,84,58,52
48,55.3,186.8,97,34.8,79
55,81.4,157.6,107,44,46
28,56.1,195.6,141,39.5,72
52,99.3,194.6,142,40.7,55
25,89,182.7,114,42.2,80
20,69.5,183.6,62,58.6,53
31,78.9,150.3,158,37.8,82
30,95.6,199.2,128,44.8,45
49,77.7,193.9,94,58.5,71
51,58.7,194.8,110,44.3,47
36,68.9,183,86,55.9,83
55,92.2,167.2,96,31.8,53
33,82.2,194.7,169,58.6,84
19,82.5,164.6,144,35.6,72
57,93.3,178.1,75,59.4,65
34,94.7,155,151,35.3,72
51,96,196.1,84,43.3,68
59,54.7,157,92,39.3,62
33,77.2,161.2,121,43,53
55,87,177.9,76,37.5,70
19,87.8,188.2,102,59,68
19,80.3,181,89,39.2,50
43,58.3,161.6,100,49.6,56
30,89.9,150,176,34.1,80
48,86,187.9,63,54.7,53
51,54.3,199.3,125,46.3,54
56,73.2,190.5,119,59.4,47
20,58.7,173,68,42.7,73
25,66.9,195.2,177,35.9,51
40,50.9,170.5,90,40.4,70
31,70,176.2,148,52.1,52
44,77.5,173.9,160,49.8,57
46,81,172.4,159,53.4,79
56,83.2,188.8,178,32.2,63
56,91.8,176.3,128,47.4,66
18,60.8,165.8,83,58,60
34,56,162.9,83,33.2,59
58,92.6,151.9,152,32.8,46
47,57.8,179.2,173,51.5,82
30,98.7,161.5,104,39.5,65
38,92.1,157.4,154,49.8,74
36,75,182.7,96,46.4,51
36,99.1,184.1,117,59.6,75
42,54.9,187.6,179,56.7,79
39,65.2,175.2,142,50.3,48
48,81.9,194.7,82,37.9,78
34,67.5,196.8,94,37.9,45
40,96.4,190.4,122,56.5,54
49,53.3,181.8,177,47.6,74
27,77.5,165.2,173,53.7,76
27,79.5,199.1,65,43.5,47
53,82.6,163.7,65,33.1,54
25,62.8,160.1,179,40,53
37,68.2,172.1,160,34.8,61
49,92.2,152.8,89,53.5,47
31,59.7,198.9,60,51,71
45,91.3,179.4,122,32.7,79
41,78.1,177.8,67,48.6,48
32,88.1,182.8,87,56.2,48
39,85.7,174.9,148,50.9,76
47,60.4,151.6,92,45.3,82
21,78.4,180.6,112,39.4,55
30,93.4,185.8,97,56.6,83
40,71.6,170.8,111,42.7,50
25,98.3,187.9,137,55.7,79
35,72.6,161.4,70,53.5,76
29,57.1,161.1,61,54.5,67
48,69.5,158.1,112,59.7,81
31,97.6,168.6,153,52.5,70
51,66,192.4,153,31,78
35,93.4,191.4,127,36.2,82
51,94.1,169.1,136,31.1,55
28,67.5,179.5,66,35.7,65
58,54.2,186,161,31.8,68
29,86.2,162.1,126,45,59
32,65.6,158.4,68,30.8,47
48,89.1,198.6,137,44.2,46
46,72.1,180.9,175,57,51
43,74.3,199.1,122,52.5,49
35,88.9,166.9,70,58.3,84
49,69.1,185.2,96,36.8,73
39,72.2,161.1,73,45.9,76
55,68.8,163.1,78,39.6,74
34,68.4,175.6,67,44.8,52
40,76.3,166,66,46.7,76
41,90.4,158.4,118,31.1,46
25,68.1,163.1,122,37,54
58,76.2,151.8,66,51.1,81
23,83.5,185.2,179,53.2,47
22,63.5,174.6,114,47.1,67
46,63.9,154.7,62,38.1,78
45,96.7,158.6,126,42.2,62
28,86.2,155.1,77,32.9,77
18,78.9,180.6,104,58.6,77
36,82.4,154.7,156,56.1,61
26,51.5,187.7,160,32,50
44,80.9,151,151,35,57
51,75.5,162.5,95,47.4,65
21,77.3,194.5,75,37,75
53,68,185.9,138,58,65
35,54.1,153.6,88,52.7,77
32,59.7,191.1,118,38.2,72
30,97.5,174.7,77,30.2,50
36,70.4,192.3,108,54,52
23,73.3,180,169,42.7,57
29,52.6,184.1,105,49.3,78
54,51.9,199.7,142,38.6,84
34,85.9,161.6,88,34.3,66
40,76.9,181.2,129,50.3,45
43,75.4,173,168,43.5,57
46,62.2,152,109,37.1,45
50,87.2,150.7,170,34.1,54
44,58.4,156,114,47.4,49
42,59.5,182.5,86,51.8,64
27,73,178.4,66,38.5,57
40,64.3,177.7,150,52.1,81
38,62.4,151.6,142,35.5,54
38,82.3,173.5,140,40.2,47
30,82.5,196.2,100,52.3,78
54,91.2,169.9,70,49.8,78
50,70.9,181.2,64,38.1,74
41,53.7,189,125,33.7,81
28,63.7,189.2,170,31.3,48
34,99,176,115,55.1,78
21,79.8,192.9,71,32.3,76
42,85.5,169.6,101,33.4,65
47,50.4,194.4,165,37.1,68
26,75.9,162,175,43.4,53
38,51.9,164,134,53.7,68
37,78.5,152.7,69,37.4,69
36,96,189.8,87,46.3,80
36,98.4,170.9,66,32.7,52
29,77,161.5,73,43.9,73
54,72.9,161.6,136,35.3,69
59,97.3,195.1,128,36.3,79
34,83.7,191.7,120,41,82
54,53.2,177.7,110,52.8,72
56,73.3,180.8,101,52.3,63
45,62,173.7,67,42.4,76
58,73.5,169.6,109,33.6,81
52,72.8,195.8,60,38.4,72
35,79.1,156.3,128,45.2,79
31,67.8,170.9,70,56.1,52
52,58.2,167.2,175,59,67
58,75.2,174.9,166,49.1,84
24,91.5,172.9,107,40.5,67
58,83.2,175.9,69,50.8,76
30,66.9,157,74,40.1,54
35,96.8,175.7,162,48.8,61
54,95.6,162.1,106,37.3,79
30,60.5,159.2,152,38,79
53,52,153.2,84,32.3,47
48,87.1,188.1,171,42.6,80
19,91.4,171.4,65,48.5,73
33,98.4,181.3,70,53.7,71
26,94.5,186.4,76,54.3,75
26,80,184,74,59.8,78
55,76.5,173.5,75,32.6,56
28,51.4,169.4,115,44.8,81
39,62.3,168.8,125,45.6,69
50,73,182,95,54.1,46
53,81.4,174.7,142,38,74
40,77.9,192.5,97,32.1,53
51,87.1,193.7,173,39.4,67
26,64,158.5,144,59.5,53
41,78.2,156.8,134,57,64
25,54.4,181.5,164,41.9,45
24,70.7,165.1,62,56.3,83
53,87.5,150.9,157,31,67
35,84.7,194.4,77,39.4,62
20,99.5,161.3,138,51.8,76
45,63.9,196.5,148,36.6,53
23,74.9,185.9,113,36,55
38,66.5,188.1,173,55.9,45
45,72,160.1,174,48.5,55
57,92.8,161.7,138,59.7,77
18,84.2,176.1,153,34,74
53,94.1,158.6,76,40.7,49
38,60.2,165.3,141,39.3,45
52,93.7,166.1,154,56.4,54
30,53,158,173,37.7,57
27,94.4,160.3,166,40.6,71
27,66.5,189.4,141,34.3,52
30,65.7,158.4,178,53.3,72
54,75.6,151.4,158,37.1,46
55,97,181.5,72,32,56
41,52.4,198.8,122,43.1,71
19,67.6,166.6,73,41.7,57
39,92.8,155.9,118,35.3,66
34,69.8,178.5,95,34,84
53,60,195.3,77,56.9,59
31,71.2,189.2,64,32,75
27,69.3,181.1,73,33,51
52,95.8,165.8,84,37.4,83
42,88.1,177.1,103,58.6,79
20,75.3,154.6,98,32.6,51
55,99.4,183.9,71,54.5,56
34,73.3,186.3,163,56.8,58
29,52.9,198.3,120,41.3,78
41,63.1,163,121,38.8,83
46,71.8,150.9,112,50.3,53
42,57.8,177.3,112,51.1,77
53,97.4,185.3,87,53.4,56
43,88.3,189.5,94,54.9,78
55,63.4,159.7,177,38.1,71
18,79.5,163.1,124,50.6,66
37,86.1,175.6,62,34,62
45,97.1,166.5,102,45.3,62
33,94.1,193,109,48.4,81
34,75.8,173.7,130,34.9,51
57,88.7,190,68,32.3,48
45,78.1,179,95,35.8,60
29,77.6,188.7,82,42.6,66
44,55.7,166.6,147,56.6,80
59,56.3,191.6,133,46,64
47,76.5,163.7,109,52.5,75
58,63.4,177.3,114,35.2,77
51,51.1,160.7,171,33.2,57
54,86.1,173.8,71,37.2,64
23,51.6,165.9,142,39.4,82
24,79.8,163.3,91,46.4,66
49,77,198.3,83,56.4,83
49,98.4,158,145,42.8,67
42,74.2,189.4,126,45.6,77
50,53.2,199.2,163,30.1,74
24,77.6,151,86,31,58
29,92.1,185,120,32.5,80
33,99.8,162.6,78,51,52
33,71.5,152,132,44.6,66
53,66,170.1,110,35.8,48
30,95.3,196.8,123,47.8,79
24,59.6,150.6,172,46.3,52
53,80.8,179.4,136,32.7,78
26,70.3,175.1,61,49.2,66
49,52.1,193.7,95,53,69
28,67.4,154.2,152,38.6,69
25,63.3,184.1,70,50.6,84
50,84.3,184,157,36,84
40,97.4,183.5,127,52.7,61
42,63.4,197.1,127,57.4,60
25,90.6,191.2,175,43.3,83
39,52.8,152.1,123,37.3,59
21,76.9,173.6,60,42,61
57,53.5,169.9,148,37.5,79
20,96.7,165.5,85,30,77
46,88.3,172.6,70,49.5,84
58,82.9,169.2,146,31.3,83
46,91.2,171.6,61,36.3,62
51,82.4,199,142,51.7,74
51,98.4,154.4,152,50,67
45,85.7,196.1,99,32.2,81
30,96.2,174,178,49.8,51
32,75.9,181.2,175,57.9,54
40,55.9,191.5,63,32.2,60
43,76.4,168,139,42.5,72
21,56.3,171.5,170,51.9,67
43,79.6,170.5,96,50,78
57,74.1,168.7,120,36.8,62
26,81.1,196.3,150,34.9,67
22,50.5,191.4,64,53.5,64
49,59.7,155.4,74,58.7,75
37,74.6,155.4,146,53,58
28,97.5,171.4,172,58.9,67
32,69.2,154.9,126,48.1,46
49,71.2,181,141,57.9,73
45,85.7,157.2,166,50.7,53
39,80.2,176.1,85,57.3,77
58,64.9,150.4,65,34.8,56
34,70.5,165.8,103,54.5,63
43,60.9,183.9,177,35.9,64
24,98.3,174.2,117,30.8,81
59,56.5,198.9,140,45.5,75
43,68.6,193.7,105,39.5,79
42,51.3,168,161,31.3,65
27,61.1,152.3,101,59.4,57
36,89,192.3,107,50,83
28,60.1,195.6,173,57.1,71
30,54,191,86,60,69
25,73.7,156.4,79,41.8,46
57,50.5,199.9,129,37.6,79
21,54.2,162.9,174,35.5,52
48,90.4,186.2,94,45.5,77
45,88.6,195.4,135,48.2,69
28,95.8,161.8,107,44.2,65
18,92.7,195.4,126,41.6,80
55,84.2,165.5,171,35,57
41,52.6,198.8,127,43.3,53
48,89.1,164.1,111,32.6,79
58,92.3,197.7,168,56,80
43,90,152.7,127,31.4,54
22,75.4,185.5,63,41.4,49
37,61.6,176.6,98,33,75
58,92.3,173.9,80,53.2,68
28,86.4,161.2,167,39.4,76
50,99,185.3,125,33.4,47
55,57.8,159.5,75,45.9,60
44,61.3,177.6,66,57.5,64
51,60.6,162.7,142,57.3,68
32,89.6,197.8,166,37.5,78
49,59.3,151.4,156,51.6,67
38,53.3,160,68,30.9,82
22,99.9,162.1,160,34,46
23,51.2,170.7,76,45,49
55,91.8,161.6,150,36.9,62
39,68.3,174.6,156,53.9,73
35,92.1,193.6,172,57.9,54
31,77.7,185.6,71,30.1,60
27,95.1,179,116,37,67
30,96.3,154.5,104,43.2,74
48,50.5,184.7,179,46.9,50
47,53.8,158.3,70,57.5,80
20,62.5,189.3,72,56.8,64
47,83.5,162.5,90,49.1,60
23,94.4,170.9,136,37.7,72
46,73,167.5,161,53.5,70
25,80.3,192.9,85,36.1,66
50,59.4,156.3,122,59,55
34,90.2,178.3,90,30.2,45
28,98.4,157.1,81,47.1,49
30,63.4,185.2,65,32.7,80
28,74.7,195.3,79,42.2,46
48,54.3,171.7,144,49,50
45,78,174.4,69,50.7,71
23,75.1,196.4,142,53.6,70
58,57.2,176,94,47.8,79
33,72.1,174.4,85,37.5,57
21,66.7,178.9,130,56.7,56
52,76.1,184.5,96,54.3,62
43,79.3,155.3,67,34.8,82
29,50.4,191.1,64,54.8,50
28,88.1,171.8,103,59.2,72
54,85.7,153.6,159,49.1,72
42,68.3,189.3,174,38.5,69
35,52.6,168.8,151,48.2,49
36,87.7,155,173,40.3,59
40,97.8,181.7,126,50.3,53
55,62,194,162,46.3,46
35,66.2,194.4,131,57.9,53
43,59.2,197.9,138,48.5,70
23,78.8,193.4,176,36.4,67
21,57.7,150.1,150,51.8,72
46,67.8,169,108,39,50
51,84.9,190.9,174,38.2,48
34,78,168.3,95,41.8,74
33,69.3,180.1,139,30.4,62
19,71,180.3,85,59.1,74
51,78.1,168.3,104,46,71
25,50.3,195.2,120,53.2,75
30,53.9,175.2,103,37.7,83
59,94.1,173.2,63,52.4,74
25,53.9,199.9,135,47,81
47,85.3,174.7,140,42.7,56
49,96,158.9,117,59.1,61
53,63.5,175.7,164,44.8,78
47,68.5,190.7,167,49.7,72
18,78.4,188.8,85,30.5,48
56,94.1,189.4,154,39,78
34,97.1,185.4,138,56.7,58
37,87,162.7,175,52.8,57
41,54.3,193.1,157,46.1,47
39,83.5,194.7,88,57,65
46,70.5,159.7,68,44.6,60
39,73.5,156.5,137,47,82
26,52.5,198.8,95,41.5,70
54,59.6,193.4,63,48.6,50
27,89.5,194.7,118,39.6,62
53,72.7,194.3,161,41.6,50
54,65.1,177.1,179,59,69
45,69.2,182.3,96,33.3,68
45,92.7,177.3,147,33.2,74
59,87.4,152.6,140,31.3,67
38,63.6,187.3,72,39.6,52
41,55.9,175.3,79,41.9,53
59,62.6,182.4,76,32.8,50
57,96,175.1,110,46.5,77
19,79.1,174.6,150,47.5,77
25,76.7,158.6,114,52.5,51
44,79.8,163.9,92,59.3,62
39,68.3,157.9,80,48.6,50
54,90.4,159.8,140,33.3,81
44,76.2,198.6,81,32.7,65
46,55.8,157.7,84,53.3,70
20,56.5,163.5,126,49.5,59
30,76.8,179.5,150,34.9,74
27,96.8,180.5,150,37.6,55
53,65.4,157.7,169,52.5,52
26,93.5,189.7,71,47,49
44,88.2,189.3,74,47.6,52
51,62.4,161.9,161,36.3,49
18,51.8,164.4,143,48.9,54
49,55.1,196.9,145,53.1,59
42,86.4,191.3,61,56.6,82
46,60,184.9,63,52.1,47
24,68.6,154.1,104,47.3,54
20,75.1,170.9,72,50.2,51
37,86.3,178,114,44.6,68
37,55.7,159.4,91,36.8,70
47,70.3,172.4,81,56.5,78
52,74.3,180.1,148,46,52
52,77,166.4,150,47.8,83
56,90.9,189,114,59.7,49
44,58.6,192,76,59.6,80
43,90.4,166.2,129,47.6,70
31,84.6,191.9,166,31,54
34,77.8,155.2,110,41.9,77
35,85,191.9,139,58.1,80
46,70.6,157.6,67,38.6,75
37,56.9,154.1,120,60,82
44,83.3,182.1,156,32.5,69
35,76.2,173.6,69,47,57
21,82,195.4,157,45.5,45
18,66.9,168.2,78,37.7,80
18,95.3,164.4,73,58.5,80
43,79.4,175,126,48.6,68
37,54.3,172.8,114,36.9,71
40,72.5,167.2,120,41.5,62
27,87.8,184.7,115,51.6,59
28,89.7,188,122,38.9,61
58,74.7,192.6,164,56.4,73
58,94.7,198.6,146,35,49
22,63.4,163.3,163,37.9,55
18,70.5,185.8,70,34.3,60
34,94.9,169.7,106,33.1,78
39,94.8,183.9,65,39,61
51,84.3,173.8,93,60,77
58,92.9,199.7,124,32.8,75
46,54.4,186.4,158,36.4,62
21,93.2,197.6,148,38.1,69
22,66,191.7,123,48.6,49
28,58.9,195.1,152,52.4,74
38,62,190.7,146,52.6,67
52,70.9,173,141,30.3,82
29,62.6,162.6,137,49.6,62
43,66,168.5,140,48.9,76
36,56.7,151,125,45.5,74
24,64.8,176.2,90,41.4,73
24,78.6,175.3,142,53.9,80
43,72.1,176.3,155,40.3,53
57,67.3,198.7,121,36.9,67
22,87.3,195.6,113,39.3,47
38,94.7,158.1,151,43.2,66
31,87.8,168.4,164,36.4,84
21,66.6,171.2,67,48.2,75
40,87.2,168,101,56.5,66
59,57.6,189.9,100,47.9,55
37,56.5,176.2,118,43.4,47
32,67.3,178.6,99,53.9,58
46,90.4,192.7,162,52.4,63
25,62.3,190.3,81,41,75
58,53.2,156.6,83,48.1,80
36,56.6,185.7,97,51.9,76
56,92.9,171.8,61,37.4,70
45,81.7,164.7,100,41,45
44,62.7,152.5,164,33.2,46
21,77.8,174.4,78,59.6,50
32,76.4,167.8,164,32.6,58
52,82.8,162.6,61,35.1,72
54,61.7,184.7,151,44.4,77
18,93.2,188.5,155,56,69
20,65.5,162.2,121,40.7,84
41,84.7,152.5,142,53.1,62
44,50.8,192.4,75,50.3,78
57,68.6,150.5,153,49.2,56
53,67.6,196.9,81,55.4,71
51,77.2,181.4,73,30.4,68
46,53.6,166.1,175,57.9,77
41,89.5,162.3,115,54.9,59
41,60.9,150.5,124,58.1,76
59,83.9,161.8,104,53.8,61
21,90.2,156.9,113,56.4,79
20,78.1,180.6,125,36.1,79
51,87,158.3,145,39.6,57
40,83.1,176.4,105,39.5,53
40,67.8,179.5,92,33.3,54
22,90.4,164.9,138,51.9,45
48,64.7,151.8,109,34.1,78